Run,Event,dimuon_mass_GeV,dimuon_pt_GeV,leading_muon_pt_GeV,subleading_muon_pt_GeV,Q1,Q2,Type1,Type2,opposite_sign,both_global
146428,16748390,2.61363,6.645782416816248,6.01508,1.07293,1,-1,G,T,True,False
146430,4871608,3.01719,12.35871400977549,11.9825,0.715687,1,-1,G,T,True,False
146430,5571993,3.25675,9.647191831317754,8.44892,1.69142,-1,1,G,T,True,False
146430,6127418,3.59661,12.836561610647223,12.4583,0.865104,1,-1,G,T,True,False
146430,6371947,3.55104,10.580960018716118,9.03751,2.10503,1,-1,G,T,True,False
146430,6979872,3.0727,13.060202989854332,10.3192,3.09099,-1,1,G,G,True,True
146430,7027391,3.38487,4.597470021045162,3.95019,1.73498,-1,1,G,T,True,False
146430,19593248,3.07176,9.17515659118628,5.63336,3.66331,-1,1,G,G,True,True
146430,19654037,2.85467,4.757257243279577,3.07911,2.35715,-1,1,G,T,True,False
146430,20385470,3.53264,11.899235304436013,9.45567,2.7227,-1,1,G,T,True,False
146430,20953449,2.71618,3.4687747691767186,3.42374,0.958899,-1,1,G,T,True,False
146436,12098789,3.08744,10.38200132575603,6.81307,3.89997,1,-1,G,G,True,True
146436,12281799,3.13559,21.975411018338196,11.4797,10.7164,1,-1,G,G,True,True
146436,13060635,3.10833,13.682638696663044,9.77264,3.92891,-1,1,G,G,True,True
146436,13473919,3.08351,6.852783424473664,3.97389,3.4529,1,-1,G,G,True,True
146436,20470981,2.97943,9.02761195293113,8.28345,0.959262,-1,1,G,T,True,False
146436,20503366,3.01813,10.730916990238997,7.71084,3.42438,-1,1,G,G,True,True
146436,21621354,3.25121,9.537055964169447,5.90661,3.63222,1,-1,G,G,True,True
146436,21841247,3.32045,8.131964468682153,6.96508,1.81338,-1,1,G,T,True,False
146436,25136127,2.99883,9.248971257162008,7.58795,1.99352,1,-1,G,T,True,False
146436,25934112,2.62415,10.19505094580699,7.04199,3.37577,-1,1,G,G,True,True
146436,38400186,2.84465,8.132339335453546,7.45062,1.05415,1,-1,G,T,True,False
146436,38690612,3.11347,7.0000121858486075,6.34262,1.3128,1,-1,G,T,True,False
146436,38937312,2.64158,9.534284038220436,8.97598,0.844864,-1,1,G,T,True,False
146436,39579669,2.83455,8.542202830382806,6.3052,2.41333,1,-1,G,T,True,False
146436,41718525,3.09551,12.664730853713394,9.21803,3.63184,-1,1,G,G,True,True
146436,42129883,2.91358,7.668076776086426,5.91543,2.24265,-1,1,G,T,True,False
146436,64499085,3.09489,14.097085416283752,9.25101,4.88887,-1,1,G,G,True,True
146436,66898738,3.08739,8.821380462246257,5.96028,3.07852,-1,1,G,G,True,True
146436,66943106,3.55402,5.745420598676654,5.34355,1.22761,-1,1,G,T,True,False
146436,79925151,3.32456,16.65066486570203,15.2838,1.65645,1,-1,G,T,True,False
146436,80778632,3.53905,12.350793824907935,10.4688,2.37132,1,-1,G,T,True,False
146436,81003090,3.28428,13.080833889337523,11.0917,2.26234,-1,1,G,T,True,False
146436,88699285,2.80674,3.6796206378734206,2.98201,1.39306,1,-1,G,T,True,False
146436,89133101,3.119,12.800853067987306,8.33097,4.76904,1,-1,G,G,True,True
146436,89146364,3.15151,7.876264500999189,4.73674,3.72615,-1,1,G,G,True,True
146436,89707175,3.00368,14.271913364787498,11.9903,2.48073,1,-1,G,G,True,True
146436,90459854,2.95861,7.094719946494294,6.29598,1.33794,-1,1,G,T,True,False
146436,90537855,3.06361,7.875267120356236,7.14714,1.24278,-1,1,G,T,True,False
146436,90808356,3.1318,8.653622626412362,4.51646,4.4948,1,-1,G,G,True,True
146436,92101743,2.61044,10.584306996993048,6.45778,4.27753,1,-1,G,G,True,True
146436,92530106,2.95262,8.598839837610711,6.79444,2.27345,-1,1,G,T,True,False
146436,92696696,3.15032,11.36132775031158,9.33274,2.02977,1,-1,G,G,True,True
146436,108872847,3.08762,11.041843043467926,5.77528,5.26667,1,-1,G,G,True,True
146436,109347724,2.82771,10.667978889962475,10.1279,0.875227,1,-1,G,T,True,False
146436,109599761,3.10387,14.291985449492312,9.65144,4.74944,1,-1,G,G,True,True
146436,110083244,3.11406,11.72900796317404,6.82344,5.20285,-1,1,G,G,True,True
146436,139406875,3.42004,9.77866833219043,8.33659,1.66757,1,-1,G,T,True,False
146436,139487098,3.09062,9.0094897523791,4.83627,4.56287,-1,1,G,G,True,True
146436,140393661,2.60498,9.8107194630396,6.73448,3.26653,1,-1,G,G,True,True
146436,140609764,3.1212,4.161570748227164,3.27993,1.91683,-1,1,G,G,True,True
146436,140779127,2.81631,5.238316034866534,4.97529,0.958401,-1,1,G,T,True,False
146436,141032960,3.0368,8.323242669470835,4.86683,3.98755,-1,1,G,G,True,True
146436,141165527,3.3579,5.782776316256405,4.86018,1.46735,1,-1,G,T,True,False
146436,141879104,3.41606,13.943787946288806,13.3825,0.896744,1,-1,G,T,True,False
146436,142939859,3.22383,13.371255151349441,9.56789,4.15134,-1,1,G,T,True,False
146436,143142194,3.4747,7.397502822966,5.95221,2.21173,-1,1,G,T,True,False
146436,143417130,3.09001,11.498769476479472,8.24758,3.54617,1,-1,G,G,True,True
146437,22460860,3.11674,7.334126505917388,3.99361,3.86968,1,-1,G,G,True,True
146437,23497122,3.41176,11.916893632822273,8.8459,3.26604,1,-1,G,G,True,True
146437,24106090,3.15986,7.6443043296199455,7.35229,0.912364,1,-1,G,T,True,False
146437,40340167,2.98237,13.159798577352921,11.9047,1.58009,-1,1,G,T,True,False
146437,41822370,3.07738,12.3332087558429,9.08156,3.25916,1,-1,G,G,True,True
146437,62047562,3.36155,8.650837552885905,7.40945,1.86781,-1,1,G,T,True,False
146437,62170682,3.44763,7.477798823035423,6.97032,1.25802,-1,1,G,T,True,False
146437,63129166,2.89769,4.656604967152464,3.08565,2.24458,-1,1,G,T,True,False
146437,63748169,3.11621,14.94200215688433,11.2987,3.93644,-1,1,G,T,True,False
146437,82673138,3.17787,6.5125504586471346,5.26821,1.85274,1,-1,G,T,True,False
146437,83814861,3.0852,13.278556646382919,9.81044,3.48519,-1,1,G,G,True,True
146437,92906102,3.54137,9.997292747533654,7.6813,2.73802,-1,1,G,T,True,False
146437,92982324,3.5982,12.147688539241077,11.2924,0.857631,1,-1,G,T,True,False
146437,111244074,2.7718,7.836616984222273,4.14801,4.13727,-1,1,G,G,True,True
146437,112721526,3.09467,9.97900134146198,7.07415,3.23884,1,-1,G,G,True,True
146437,143019914,3.03692,14.009133060150436,11.8514,2.4447,1,-1,G,T,True,False
146437,144465993,3.35069,10.166067016355194,8.65127,1.94019,1,-1,G,T,True,False
146437,184319413,3.11807,7.958269682317884,4.24384,4.1473,1,-1,G,G,True,True
146437,184813191,3.088,7.986441957868347,5.4224,3.12235,-1,1,G,G,True,True
146511,50639646,3.11726,7.885416562510886,4.38658,3.54517,1,-1,G,G,True,True
146511,50958480,3.05972,7.6391041187367,4.2915,3.3927,-1,1,G,G,True,True
146511,51630952,2.77661,5.71827864222591,5.3924,0.897787,-1,1,G,T,True,False
146511,51759799,3.10246,8.280820598304253,4.64718,4.16005,-1,1,G,G,True,True
146511,52252329,3.0805,10.287714807283491,7.06395,3.23521,-1,1,G,G,True,True
146511,53388882,3.05846,11.725024737466784,11.189,0.868711,1,-1,G,T,True,False
146511,54547309,3.14011,10.898324490914005,7.21418,4.05046,1,-1,G,G,True,True
146511,55279985,2.95341,10.826749031773112,8.60765,2.5649,1,-1,G,T,True,False
146511,55803970,3.47646,12.068153307511633,11.0254,1.21811,1,-1,G,T,True,False
146511,55942477,2.81123,9.336206291777673,8.10694,1.63314,-1,1,G,T,True,False
146511,56111930,3.16138,8.611114660466438,4.6082,4.00292,1,-1,G,G,True,True
146511,56254402,3.37675,14.403095541259491,13.7642,0.977656,-1,1,G,T,True,False
146511,110364128,3.16177,9.462828184876866,4.89019,4.7345,1,-1,G,G,True,True
146511,110382059,2.98184,12.018317298310983,7.11126,4.92973,1,-1,G,G,True,True
146511,111244897,3.43082,5.686523389670001,3.64129,2.80526,-1,1,G,T,True,False
146511,111436377,3.12787,6.37620785827208,4.89203,2.18262,1,-1,G,G,True,True
146511,112076443,3.0888,8.993870302878511,4.82251,4.46276,-1,1,G,G,True,True
146511,112289345,3.11128,8.723243270303769,6.16655,3.03868,1,-1,G,G,True,True
146511,113228970,2.61545,8.053545610756668,7.02494,1.41595,1,-1,G,T,True,False
146511,113588897,3.07264,17.00219586148213,11.4481,5.81923,1,-1,G,G,True,True
146511,113668663,3.09517,9.67447590883351,5.29694,4.74186,1,-1,G,G,True,True
146511,113888483,3.47166,12.532060083543014,11.7739,1.00792,1,-1,G,T,True,False
146511,114813861,3.09785,6.9310026621333805,4.28248,3.02081,-1,1,G,G,True,True
146511,114906283,3.10868,10.07961619899647,5.51717,5.00818,1,-1,G,G,True,True
146511,115008584,3.08456,14.328355229837094,7.27637,7.24115,1,-1,G,G,True,True
146511,115064870,2.84888,2.361453238288872,2.03781,1.29741,1,-1,G,T,True,False
146511,115686847,3.18571,12.396115820164194,11.2818,1.14071,1,-1,G,T,True,False
146511,115798572,3.15425,7.703048197278789,4.87674,3.23393,1,-1,G,G,True,True
146511,116073009,3.15348,5.989014894864263,5.11627,0.906704,-1,1,G,T,True,False
146511,116514249,3.10933,7.737629568827911,4.22494,3.87002,-1,1,G,G,True,True
146511,117075107,2.61981,12.101297354271567,8.01022,4.34314,1,-1,G,G,True,True
146511,118157006,3.06243,7.30096029306618,4.71152,3.16903,-1,1,G,G,True,True
146511,118598848,3.03152,7.410087204189975,3.99701,3.44063,1,-1,G,G,True,True
146511,118802930,2.9936,6.061057461927415,5.13497,1.25321,-1,1,G,G,True,True
146511,119019513,2.68283,5.7619802422876285,5.45233,0.889514,-1,1,G,T,True,False
146511,119524599,3.04621,6.655324097269794,4.01126,3.30418,1,-1,G,G,True,True
146511,119694640,2.92158,7.979658442952367,4.7586,3.23474,1,-1,G,G,True,True
146511,120037904,3.07473,5.790382116607245,5.12701,1.42007,1,-1,G,T,True,False
146511,123243258,2.77506,7.200771750669577,6.09823,1.44495,-1,1,G,T,True,False
146511,123656146,3.53859,11.189117803532369,9.15042,2.11566,1,-1,G,G,True,True
146511,123762569,3.08232,11.707945440601438,8.2595,3.78507,-1,1,G,G,True,True
146511,124031709,3.0741,8.907937274970003,5.57036,3.66008,1,-1,G,G,True,True
146511,124075056,3.10676,10.06448649122746,6.24668,4.27975,1,-1,G,G,True,True
146511,124357061,2.96373,5.058925560666514,4.27773,1.57364,-1,1,G,T,True,False
146511,124393699,3.09611,11.403800498886325,7.38948,4.02309,-1,1,G,G,True,True
146511,124716789,3.10929,7.766699496762572,6.9515,1.20083,-1,1,G,T,True,False
146511,124852210,3.09339,8.110961116145544,5.18324,3.30612,-1,1,G,G,True,True
146511,125112628,3.1065,12.617297705683416,8.78626,3.87124,1,-1,G,G,True,True
146511,125120808,3.23022,7.54809956177507,6.1644,1.74698,1,-1,G,T,True,False
146511,126512080,3.10425,11.60099068954044,6.60703,4.99396,1,-1,G,G,True,True
146511,127206475,3.09383,9.864185306795488,5.64964,4.46429,1,-1,G,G,True,True
146511,130578859,3.58353,6.7685714205159275,6.03005,1.54708,-1,1,G,T,True,False
146511,130650714,3.07553,6.002561394890436,3.14315,3.12461,1,-1,G,G,True,True
146511,131258302,3.09657,13.870754070575977,12.1072,1.85938,1,-1,G,G,True,True
146511,131814705,3.09429,13.949344267934748,7.59151,6.36151,1,-1,G,G,True,True
146511,134991744,3.09066,8.25528387739277,4.45745,4.00026,1,-1,G,G,True,True
146511,217281686,3.08968,9.249583479595175,5.32205,3.93782,1,-1,G,G,True,True
146511,217622498,2.65452,6.857038498687899,6.63574,0.707315,1,-1,G,T,True,False
146511,218409089,3.11301,9.101594937196447,5.59519,3.81952,1,-1,G,G,True,True
146511,218611865,3.10299,8.985386234263055,5.63837,3.42474,1,-1,G,G,True,True
146511,218624166,3.12759,9.14799163325481,5.53572,3.62977,1,-1,G,G,True,True
146511,219001846,3.06002,9.449956082391337,6.60507,2.98437,1,-1,G,G,True,True
146511,219309163,3.37224,6.79300244824782,5.95875,1.6202,-1,1,G,T,True,False
146511,219369067,3.13987,18.085260861607722,14.5815,3.54087,1,-1,G,T,True,False
146511,219873927,3.2294,10.0906247847445,8.37806,2.14849,1,-1,G,T,True,False
146511,221074987,3.57311,7.2787748204021945,6.04396,1.87832,1,-1,G,T,True,False
146511,221211675,3.01246,9.277116391646059,8.11888,1.60548,-1,1,G,T,True,False
146511,221344012,3.10247,8.45013099606154,4.48944,4.13673,1,-1,G,G,True,True
146511,221404929,3.09025,7.366879409296992,3.94285,3.50258,1,-1,G,G,True,True
146511,226597623,2.82637,11.175358563375987,9.65739,1.69601,1,-1,G,T,True,False
146511,226805200,2.67673,9.906940626651602,5.44651,4.50496,-1,1,G,G,True,True
146511,252481522,3.27877,6.889984811601401,6.07923,1.50627,-1,1,G,T,True,False
146511,252593710,3.47647,9.241411664450622,4.87315,4.52183,-1,1,G,G,True,True
146511,252597954,3.09092,8.964635997629797,6.01522,3.2677,1,-1,G,G,True,True
146511,252721207,3.12881,8.782492268058993,4.85457,4.1889,-1,1,G,G,True,True
146511,252955941,3.13686,10.921071188402903,6.20282,5.13561,1,-1,G,G,True,True
146511,255868639,3.26521,10.847280907176877,9.61818,1.68149,-1,1,G,T,True,False
146511,255900210,3.34366,12.084386812188693,10.7084,1.79959,-1,1,G,T,True,False
146511,255943149,3.42501,10.876296534642156,9.65988,1.72289,-1,1,G,T,True,False
146511,256451496,3.10416,7.811470635488302,4.40167,3.98767,-1,1,G,G,True,True
146511,257861165,3.0781,12.843222711936594,6.86336,6.14671,-1,1,G,G,True,True
146511,269204093,3.04831,9.299430256445822,5.88927,3.4104,-1,1,G,G,True,True
146511,269399619,3.14243,8.136200503363918,7.91693,0.776038,1,-1,G,T,True,False
146511,269754070,3.04673,10.453837980313201,6.98879,3.58028,-1,1,G,G,True,True
146511,270830965,2.97835,13.582160275247087,9.32147,4.54096,-1,1,G,T,True,False
146511,271077499,3.45944,8.20423223927925,6.94138,1.95845,-1,1,G,T,True,False
146511,271194527,3.50491,3.996055936686197,3.35301,1.68526,-1,1,G,T,True,False
146511,271420295,3.09392,8.068274951835802,4.41114,3.92017,1,-1,G,T,True,False
146511,271816502,2.71411,6.413192371453783,5.81627,1.11774,-1,1,G,T,True,False
146511,271849203,3.17307,7.44391744776989,7.06682,0.981671,-1,1,G,T,True,False
146511,272553993,3.40797,5.371489279397381,4.49413,1.52144,1,-1,G,T,True,False
146511,272556224,2.95277,4.432841278504116,3.38934,1.74999,1,-1,G,T,True,False
146511,273753720,3.09639,10.050053342491323,6.76484,3.73208,1,-1,G,G,True,True
146511,273912947,3.27635,11.587628002548925,9.58358,2.03521,-1,1,G,G,True,True
146511,273970013,3.10401,2.5694390103125624,2.97711,1.03847,-1,1,G,T,True,False
146511,274074630,2.81021,1.9977604595208607,2.24295,1.17636,-1,1,G,T,True,False
146511,274175971,2.77932,9.484971507384774,7.68827,1.91085,1,-1,G,T,True,False
146511,274522243,2.74087,4.27254983691238,4.09413,0.967439,1,-1,G,T,True,False
146511,274587932,2.65004,5.3418175880574585,4.84211,1.10554,-1,1,G,T,True,False
146511,274638507,2.66248,14.48816592948621,12.7979,1.74971,1,-1,G,T,True,False
146511,286972913,3.09452,11.065500425168308,5.93662,5.30475,1,-1,G,G,True,True
146511,286987915,3.06245,9.924397756402955,6.05934,4.3222,1,-1,G,G,True,True
146511,291246392,3.13591,23.095013444854278,19.4986,3.76678,-1,1,G,G,True,True
146511,291730171,3.59107,10.45449076160575,7.7561,2.71536,-1,1,G,G,True,True
146511,292028001,2.77663,17.339604812347947,11.9123,5.51502,-1,1,G,G,True,True
146511,292367342,3.08413,9.853908020164589,5.24956,4.86684,1,-1,G,G,True,True
146511,361077215,2.82466,4.395116921465571,3.61637,1.48929,-1,1,G,T,True,False
146511,361234065,3.09342,15.67165849342361,12.5278,3.43822,1,-1,G,T,True,False
146511,361496977,3.06914,1.9704875587567792,2.57998,1.03312,-1,1,G,T,True,False
146511,362203762,2.88723,7.88066341807744,4.78766,3.12976,1,-1,G,G,True,True
146511,362551240,3.06618,10.786435098224064,6.56236,4.22515,1,-1,G,G,True,True
146511,362583844,2.65605,14.536605781023988,11.7631,3.01168,-1,1,G,T,True,False
146511,363037180,3.12571,7.431782857706487,3.85105,3.58325,1,-1,G,G,True,True
146511,363365974,3.23908,6.539096975262028,4.98225,2.25617,1,-1,G,T,True,False
146511,363999548,2.73211,6.765895101843141,6.30891,0.884132,-1,1,G,T,True,False
146511,364748199,2.62185,4.433623636103768,4.18128,0.946239,1,-1,G,T,True,False
146511,365222742,3.28754,15.423715933447555,11.7812,3.84994,-1,1,G,G,True,True
146511,365774553,3.03907,6.567063271468001,3.6191,3.06122,1,-1,G,G,True,True
146511,365974894,2.94223,17.980007863297196,11.0287,7.17091,-1,1,G,G,True,True
146511,463655300,3.11116,8.714920739473193,6.14837,3.05775,1,-1,G,T,True,False
146511,463662423,3.18855,5.7495672447425985,5.53984,1.01327,-1,1,G,T,True,False
146511,463732317,2.90312,12.81714181721042,12.0363,1.09945,1,-1,G,T,True,False
146511,464818072,3.0692,6.683559022452036,4.19442,3.14568,1,-1,G,G,True,True
146511,465256751,2.73882,4.057969556736472,2.98254,1.88205,-1,1,G,T,True,False
146511,465562518,3.11658,11.451288419990128,7.65373,4.03648,-1,1,G,G,True,True
146511,465944561,2.84156,3.7620812581916674,3.41974,1.12128,1,-1,G,T,True,False
146511,466949679,3.0739,16.01428014816826,10.27,5.8321,1,-1,G,G,True,True
146511,467010531,2.87786,6.872900710834764,6.59934,0.820107,-1,1,G,T,True,False
146514,17234030,3.45442,9.860899654260761,7.98479,2.39636,-1,1,G,T,True,False
146514,18054100,3.30029,9.992848842167081,6.25349,4.06972,1,-1,G,G,True,True
146514,18146914,3.51397,6.2042904424357825,3.65073,3.34445,-1,1,G,G,True,True
146514,18453519,3.09266,10.303365500951424,5.51034,5.04964,1,-1,G,G,True,True
146514,21912491,3.0906,11.779287110705342,6.31761,5.54089,1,-1,G,G,True,True
146514,21998260,3.1418,7.323681920484872,6.95508,0.991531,1,-1,G,T,True,False
146514,22785536,3.0406,10.617681353997256,9.81605,1.2233,1,-1,G,T,True,False
146514,23587446,3.4116,3.521970399154712,2.8335,2.06511,-1,1,G,T,True,False
146514,23974695,3.41381,9.167466028400431,7.0092,2.21427,1,-1,G,G,True,True
146514,75893861,3.13685,9.590384941768498,4.82463,4.76682,1,-1,G,G,True,True
146514,76268336,3.07107,17.50471796986458,9.50038,8.26134,1,-1,G,T,True,False
146514,76732409,3.07802,18.39434298537341,11.5477,6.97755,-1,1,G,G,True,True
146514,79617849,2.83288,14.747615654070998,8.36463,6.41938,-1,1,G,G,True,True
146514,79728809,3.08767,11.689507431303511,6.14863,5.56644,-1,1,G,G,True,True
146514,79787155,2.84842,10.678457179578894,9.62098,1.23655,1,-1,G,T,True,False
146514,144415044,3.17632,9.226156285826727,5.99599,3.74069,1,-1,G,T,True,False
146514,145693485,3.0399,9.527801590151842,7.99021,1.73476,1,-1,G,T,True,False
146514,146111981,3.47303,11.997614804095187,10.5437,1.91074,-1,1,G,T,True,False
146514,146155376,3.07352,12.832277527952707,7.91301,4.95569,-1,1,G,G,True,True
146514,146645366,3.04603,9.875626676560834,6.02528,4.3069,-1,1,G,G,True,True
146514,147023561,3.06443,4.404195304778189,3.61378,1.59516,-1,1,G,T,True,False
146514,147611403,3.04674,11.043431718105383,5.70787,5.69464,-1,1,G,G,True,True
146514,147808169,2.76704,25.625272895893225,21.4448,4.24536,1,-1,G,G,True,True
146514,148259832,3.1006,6.981764782954236,4.13602,3.44942,-1,1,G,G,True,True
146514,148704509,2.72471,7.683000468760951,6.1942,1.65055,1,-1,G,T,True,False
146514,149129077,2.76715,2.9748805616528537,2.16448,1.85453,-1,1,G,T,True,False
146514,149150720,3.53876,6.618787439726479,5.56119,1.86182,-1,1,G,T,True,False
146514,149210911,3.46849,9.73255204496873,9.39011,0.908503,1,-1,G,T,True,False
146514,195232570,2.98949,7.3519501612905405,3.96162,3.79856,-1,1,G,G,True,True
146514,196303644,2.75696,9.842160193915563,9.07827,0.950406,-1,1,G,T,True,False
146514,196594968,2.84618,8.137335256822407,7.11524,1.34533,-1,1,G,T,True,False
146514,197222807,3.53837,10.955269967906041,9.75231,1.35578,-1,1,G,T,True,False
146514,197378635,2.74544,7.460310248956529,6.89195,0.994233,1,-1,G,T,True,False
146514,197727644,3.07069,15.69165374023111,10.811,4.93973,-1,1,G,G,True,True
146514,198909702,3.08116,20.438703319149187,14.1452,6.32826,-1,1,G,G,True,True
146514,199114090,2.73905,4.117403423129801,2.61541,2.04793,-1,1,G,T,True,False
146514,199362423,3.01088,6.379840203026169,5.46138,1.57605,-1,1,G,G,True,True
146514,200615527,3.40438,9.81823434214625,6.50111,3.32562,-1,1,G,G,True,True
146514,200764976,2.69948,11.599509466778155,9.51169,2.37691,-1,1,G,T,True,False
146514,201167668,3.04598,9.597193775092851,5.39235,4.26948,1,-1,G,T,True,False
146514,201551771,3.38611,4.8417722136511125,4.09557,1.78268,-1,1,G,T,True,False
146514,201712147,3.10222,7.858090564723723,4.35684,3.51474,1,-1,G,G,True,True
146514,201826966,3.21019,13.105867586219219,9.24428,4.21703,1,-1,G,T,True,False
146514,201969506,3.08292,9.78159200507259,6.22577,3.81942,-1,1,G,G,True,True
146514,202540552,3.40939,9.932024657017319,5.72475,4.21747,-1,1,G,G,True,True
146514,204329326,3.13227,13.49389422108014,12.3326,1.47593,-1,1,G,T,True,False
146514,253505311,3.17286,6.447578334382607,4.75723,2.42412,1,-1,G,T,True,False
146514,253666872,3.05169,9.191445171490498,8.13786,1.52725,1,-1,G,T,True,False
146514,253670281,2.94764,8.748212071566682,7.87882,1.26831,-1,1,G,T,True,False
146514,253934379,3.10332,5.793308994434873,3.2987,3.26561,1,-1,G,G,True,True
146514,255030672,3.08001,8.827088919598578,5.16317,3.73893,-1,1,G,G,True,True
146514,255263655,3.10644,9.893282102955975,6.18946,3.86362,-1,1,G,G,True,True
146514,255357016,3.0832,10.823110037900381,5.84501,4.98694,1,-1,G,G,True,True
146514,255592153,2.88565,28.334459336188154,16.0037,12.3978,1,-1,G,G,True,True
146514,258355357,3.10542,9.65825746971471,5.17973,4.47932,-1,1,G,G,True,True
146514,258994563,3.09336,7.865946196713097,4.15256,4.01817,-1,1,G,G,True,True
146514,259882831,3.101,6.878762704398589,3.70674,3.21729,1,-1,G,G,True,True
146514,268802056,3.08124,7.03502784627211,3.88638,3.20359,-1,1,G,G,True,True
146514,268971236,2.98238,8.245497976184884,7.31492,1.44788,-1,1,G,T,True,False
146514,269156940,3.05809,14.41720442376569,9.18868,5.3432,1,-1,G,G,True,True
146514,269242965,3.0763,10.84232924647232,7.41227,3.76593,1,-1,G,G,True,True
146514,269354373,3.22958,7.037522137331008,4.1704,3.56166,-1,1,G,G,True,True
146514,273406406,3.01668,5.75189070487166,4.30845,2.16958,-1,1,G,T,True,False
146514,352758884,2.68195,11.174334407826535,9.02065,2.46775,-1,1,G,T,True,False
146514,353409658,2.87416,9.649984063225181,6.32399,3.62331,-1,1,G,T,True,False
146514,353993200,2.86865,13.141413399435084,12.4261,0.968433,1,-1,G,T,True,False
146514,354749522,2.63301,11.880291227785621,8.62574,3.5406,-1,1,G,T,True,False
146514,355791339,3.50848,12.425516427243577,7.19091,5.71401,1,-1,G,G,True,True
146514,356217637,3.17843,7.476395515654587,5.09807,2.64146,1,-1,G,G,True,True
146514,356751413,2.67396,7.401799870021413,6.32735,1.43559,-1,1,G,T,True,False
146514,376767775,2.62813,10.919243473052333,6.84075,4.18871,-1,1,G,G,True,True
146514,377960874,3.18389,6.936349941761588,5.87803,1.63265,-1,1,G,T,True,False
146514,377973526,2.88393,9.564859888593507,6.10606,3.87991,1,-1,G,T,True,False
146514,378903343,3.06852,9.062258875120484,5.6742,3.39241,-1,1,G,G,True,True
146514,379398985,3.08959,7.602316642090093,5.21932,2.95839,-1,1,G,G,True,True
146514,379845003,2.77847,2.8909264733154316,2.56172,1.17494,-1,1,G,T,True,False
146514,379893127,3.18833,7.184712034509386,4.23383,3.32987,-1,1,G,G,True,True
146514,380716776,2.60654,6.096693953808162,5.6135,0.986782,1,-1,G,T,True,False
146514,381019812,3.4636,8.527884090124584,5.2877,3.91304,1,-1,G,T,True,False
146514,381025219,2.8467,11.448084468984321,10.1797,1.60841,1,-1,G,T,True,False
146514,495713547,3.04933,8.44633300120141,5.06808,3.51765,-1,1,G,G,True,True
146514,496303504,2.74149,16.608761306217268,13.9009,2.71172,1,-1,G,T,True,False
146514,497682130,2.94383,9.229598974057378,7.12614,2.4974,1,-1,G,T,True,False
146589,114248983,3.01428,7.741575789469479,5.05412,2.68822,-1,1,G,G,True,True
146589,114686708,3.09088,9.597632406265621,5.7152,4.16642,-1,1,G,G,True,True
146589,114715131,3.07711,11.263576136644348,7.22824,4.13534,1,-1,G,G,True,True
146589,125732609,2.72876,6.479826862154652,3.54614,3.07036,-1,1,G,T,True,False
146589,125865079,3.06185,0.9736375141170354,2.00546,1.13191,1,-1,G,T,True,False
146589,125951908,2.704,5.577920276933331,4.82615,1.2098,1,-1,G,T,True,False
146589,126138596,2.84379,4.455949314011998,3.17016,1.78122,-1,1,G,T,True,False
146589,126212993,3.15364,11.203413454975454,10.5298,1.09452,1,-1,G,T,True,False
146589,126546500,3.12139,6.466561734161749,3.54136,3.30324,1,-1,G,G,True,True
146589,127088904,2.82552,6.900048409437871,5.84184,1.30526,1,-1,G,T,True,False
146589,127251018,3.08586,13.146657748392325,8.14024,5.02171,-1,1,G,G,True,True
146589,127339588,3.25663,11.870589727838336,10.3935,1.85218,1,-1,G,T,True,False
146589,127365653,3.12702,5.446682391226791,3.28031,2.98844,-1,1,G,G,True,True
146589,127658728,3.06214,10.354460129103787,7.33665,3.23941,1,-1,G,T,True,False
146644,498673629,2.62609,9.60430062276395,6.24048,3.67719,-1,1,G,G,True,True
146644,499283858,3.17547,2.850243781692366,2.75253,1.4227,1,-1,G,T,True,False
146644,499342217,2.95674,24.335919234220434,16.456,7.904,1,-1,G,G,True,True
146644,499394573,3.03218,11.015197725339853,10.632,0.785007,1,-1,G,T,True,False
146644,499517414,3.09622,17.953000024642122,9.50023,8.51903,1,-1,G,G,True,True
146644,500366747,3.0622,7.046424622920478,4.77162,2.89925,-1,1,G,T,True,False
146644,500715088,3.08433,12.534195051775125,7.13433,5.44096,-1,1,G,G,True,True
146644,500964761,2.94227,13.251293479796603,7.16952,6.0952,1,-1,G,G,True,True
146644,604038715,3.08697,15.437886872473836,12.5566,3.17525,1,-1,G,T,True,False
146644,604289206,2.65119,9.525152464809056,9.05412,0.814274,1,-1,G,T,True,False
146644,604590599,2.9763,8.195235334959689,4.69349,3.62108,1,-1,G,G,True,True
146644,605797869,3.08479,17.88559238212981,9.34376,8.77444,1,-1,G,G,True,True
146644,605810860,3.11428,9.224176113053405,4.95506,4.70885,1,-1,G,G,True,True
146644,941044201,3.1032,9.360257345994073,7.38506,2.22587,1,-1,G,G,True,True
146644,941096274,3.16523,8.825882371543594,5.75621,3.17075,-1,1,G,G,True,True
146644,941244544,3.0679,7.242658920239514,4.13052,3.70381,1,-1,G,G,True,True
146644,941284070,3.07488,7.369549266339156,4.04679,3.89428,-1,1,G,G,True,True
146644,941399749,3.46408,15.220818396128541,14.5298,0.934192,-1,1,G,T,True,False
146644,942359925,3.19979,10.188008457377183,9.85134,0.814148,1,-1,G,T,True,False
146644,942456022,2.93411,13.42582399509989,9.30499,4.40707,1,-1,G,G,True,True
146644,942489986,2.88891,9.860678780048765,9.15002,0.791672,-1,1,G,T,True,False
146644,942550156,2.73079,8.843231498981806,5.71041,3.54043,1,-1,G,G,True,True
146644,943365228,3.29439,11.187559988791122,7.74814,3.74871,-1,1,G,G,True,True
146644,946230232,3.03037,6.653044711062447,5.62646,1.67873,1,-1,G,T,True,False
146644,946237429,3.04405,7.859612629258517,5.2902,3.10066,-1,1,G,G,True,True
146644,947106918,3.06841,9.693060508836258,6.14066,3.99473,-1,1,G,G,True,True
146644,947110158,2.70286,8.612664937787839,5.0546,3.836,1,-1,G,T,True,False
146644,947688450,3.08951,9.756870130779644,5.1345,5.08758,1,-1,G,G,True,True
146644,947828103,3.11334,9.955763693639982,6.19675,4.22253,1,-1,G,G,True,True
146644,948232198,3.31253,19.772650132040976,14.4084,5.63778,-1,1,G,T,True,False
146644,948420207,3.08395,9.391098237394816,5.69257,3.97152,-1,1,G,G,True,True
146644,948588485,3.08905,7.710518721613742,4.4527,3.45793,1,-1,G,G,True,True
146644,972275545,3.27338,13.256138377990967,12.5776,1.01819,-1,1,G,T,True,False
146644,972396486,3.0923,10.879535337067479,6.98393,4.32211,-1,1,G,G,True,True
146644,972578664,3.07222,8.369664437240958,7.49402,1.14099,1,-1,G,T,True,False
146644,973701948,3.21656,5.966780267663709,5.20804,1.49097,1,-1,G,T,True,False
146644,974190826,3.42134,7.750466489228181,7.00457,1.43668,-1,1,G,T,True,False
146644,974339587,3.04552,8.040338142764892,5.30411,3.27631,-1,1,G,G,True,True
146644,974601602,2.64606,2.6514225791638726,2.2741,1.23035,1,-1,G,T,True,False
146644,975249116,3.11879,11.46243030565617,7.37877,4.08801,-1,1,G,G,True,True
146644,975576327,3.07078,6.152970326809646,3.60554,3.20563,1,-1,G,G,True,True
146644,975856780,2.77433,12.135955217456102,6.37341,5.98773,1,-1,G,G,True,True
146644,976176713,3.12003,19.127276439569016,15.6071,3.60493,-1,1,G,T,True,False
146644,976221534,3.04588,8.555393752051918,5.00192,4.06418,1,-1,G,G,True,True
146644,976690918,3.25582,10.045958830127118,9.26371,1.28555,1,-1,G,T,True,False
146644,977186983,2.65981,12.32932502201402,10.9255,1.62493,1,-1,G,T,True,False
146644,1002938217,2.99244,8.04906422292188,5.52346,3.02791,1,-1,G,G,True,True
146644,1003000301,3.09412,11.983181578631026,11.4414,0.921673,-1,1,G,T,True,False
146644,1003142612,3.54904,13.544164344237556,9.8643,3.74076,1,-1,G,G,True,True
146644,1003197252,3.07005,8.700047897994585,4.53275,4.47559,-1,1,G,G,True,True
146644,1003265135,3.04908,11.027479802547814,7.00067,4.36423,1,-1,G,G,True,True
146644,1003297084,2.86761,13.201133640183757,12.3471,1.13039,-1,1,G,T,True,False
146644,1003490372,3.0978,8.583514021155532,5.05409,3.75019,1,-1,G,G,True,True
146644,1003763614,3.08449,6.979184622862473,3.86136,3.61998,1,-1,G,G,True,True
146644,1003975813,3.57194,14.328661423943828,10.0419,4.31619,1,-1,G,G,True,True
146644,1004204653,2.64712,4.1099674502396,2.59697,2.24382,1,-1,G,T,True,False
146644,1004549362,3.11209,16.03985948356472,11.4216,4.86698,1,-1,G,G,True,True
146644,1004700400,3.11472,7.179533837262695,4.02759,3.34957,1,-1,G,G,True,True
146644,1004917539,3.11378,15.894339341363013,10.1924,5.99859,1,-1,G,G,True,True
146644,1005631904,3.06081,10.498343300849903,6.76128,3.74395,-1,1,G,G,True,True
146644,1006245739,3.08686,9.84846872231922,5.74442,4.1871,1,-1,G,G,True,True
146644,1006530255,3.4437,13.606014809351683,12.9842,0.870383,1,-1,G,T,True,False
146644,1006749274,3.09039,9.168516972144404,5.15459,4.18283,1,-1,G,G,True,True
146644,1007517503,3.12272,18.90205314325786,15.5361,3.38353,-1,1,G,T,True,False
146644,1008118302,2.9537,8.144365171971417,4.97246,3.6189,1,-1,G,G,True,True
146644,1008688055,3.13842,6.360831787785306,3.4903,3.48988,1,-1,G,G,True,True
146644,1009414912,2.80033,7.704169503048333,4.66048,3.24835,-1,1,G,G,True,True
146644,1009748186,2.86457,7.053168524456509,5.337,2.18431,-1,1,G,T,True,False
146644,1010199371,2.996,6.273683495950126,5.0681,1.61678,1,-1,G,T,True,False
146644,1010321678,2.63564,4.203745287941814,3.70399,1.03201,-1,1,G,T,True,False
146644,1010834172,3.12086,21.38621459438427,17.0363,4.47312,-1,1,G,T,True,False
146644,1011113536,3.13173,13.055855212869051,11.5347,1.82251,1,-1,G,T,True,False
146644,1011151916,3.10119,10.27970909226521,6.12412,4.56255,1,-1,G,G,True,True
146644,1011306271,2.90009,5.546990610375053,4.59107,1.65752,-1,1,G,T,True,False
146644,1011335389,3.08912,7.006215070064578,5.06474,2.56894,1,-1,G,T,True,False
146644,1011612069,3.03742,6.761707341352478,3.51764,3.49028,1,-1,G,G,True,True
146644,1011758800,2.85052,6.701481055363806,6.00147,1.02205,-1,1,G,T,True,False
146644,1011825094,2.6691,2.9874406620597505,2.69159,1.28063,1,-1,G,T,True,False
146644,1011868769,3.02445,13.177215013575518,9.25689,4.15111,-1,1,G,G,True,True
146644,1011891735,2.81031,9.466180031694359,7.9175,1.94736,1,-1,G,T,True,False
146644,1012085845,3.10276,9.271125847005637,5.30923,4.43945,1,-1,G,G,True,True
146644,1012234052,3.06697,10.922009459202092,5.55545,5.37097,1,-1,G,G,True,True
146644,1012313193,3.06151,14.204849252328023,13.1395,1.34511,1,-1,G,T,True,False
146644,1012463540,3.07447,18.539758742907093,10.5621,7.98334,-1,1,G,G,True,True
146644,1012541112,3.25118,10.564242232616401,9.66338,1.34338,-1,1,G,T,True,False
146644,1012670150,3.10509,16.364620864147756,10.0996,6.27364,1,-1,G,G,True,True
146644,1038355074,3.20244,7.291456985136785,3.89001,3.45265,1,-1,G,G,True,True
146644,1038440585,3.11608,6.571115060918047,3.70534,3.08428,-1,1,G,T,True,False
146644,1039242220,3.34695,12.910573495660405,11.8678,1.4619,-1,1,G,T,True,False
146644,1039545599,3.42892,7.722731272962954,5.05916,3.22087,1,-1,G,T,True,False
146644,1039861045,2.9393,11.117151824154423,8.71787,2.50665,-1,1,G,G,True,True
146644,1040176049,3.16594,8.486029882438313,7.94225,1.09185,1,-1,G,T,True,False
146644,1040230508,3.09524,7.148070901966558,5.87994,1.89997,1,-1,G,T,True,False
146644,1040434592,2.90585,9.21232959219328,5.14374,4.51152,-1,1,G,G,True,True
146644,1040591075,3.45337,8.797707218216914,8.56331,0.818563,1,-1,G,T,True,False
146644,1041097685,2.85392,4.98680306817464,4.74426,0.994121,-1,1,G,T,True,False
146644,1041172961,3.13332,16.095837799095765,11.6436,4.46085,1,-1,G,G,True,True
146644,1041279986,3.11011,16.642914246582208,12.5794,4.33948,-1,1,G,T,True,False
146644,1041336895,3.12425,7.692074920936483,3.99409,3.87986,1,-1,G,G,True,True
146644,1041363157,2.956,12.514361717710575,10.042,2.64923,-1,1,G,T,True,False
146644,1041366499,3.28189,10.683270070473553,9.05995,1.94777,-1,1,G,T,True,False
146644,1041520353,3.50391,15.543683921998058,14.4483,1.31731,1,-1,G,T,True,False
146644,1041542224,3.55044,8.933096565290448,7.95945,1.48999,1,-1,G,T,True,False
146644,1041936296,3.14035,12.677902976691374,8.42441,4.51374,1,-1,G,G,True,True
146644,1042086634,3.09921,15.517996279475001,9.29765,6.51913,-1,1,G,G,True,True
146644,1042458809,3.28686,6.426766660111833,4.06931,3.00421,1,-1,G,G,True,True
146644,1042485497,3.07989,9.600595173014014,6.711,2.97424,-1,1,G,G,True,True
146644,1042590193,2.72401,11.132084757464996,10.1161,1.0268,-1,1,G,T,True,False
146644,1042611023,3.22752,3.34340179011557,2.52885,2.08052,-1,1,G,T,True,False
146644,1042817832,3.08823,19.515512538432088,15.236,4.46473,1,-1,G,G,True,True
146644,1042858539,3.17266,11.400255376372058,9.10768,2.56405,-1,1,G,T,True,False
146644,1042869148,3.15368,7.282601233330025,3.98001,3.76239,-1,1,G,G,True,True
146644,1043952838,3.50159,16.00632404193105,11.6077,4.53065,-1,1,G,G,True,True
146644,1044662894,3.52389,12.352675127219369,11.0767,1.76065,-1,1,G,T,True,False
146644,1045179315,3.01845,11.412817700824325,9.38942,2.3527,1,-1,G,G,True,True
146644,1046147272,3.41247,3.6146496017102407,2.42816,2.11135,-1,1,G,T,True,False
146644,1046551585,3.51638,10.063007469255949,9.43863,1.20775,1,-1,G,T,True,False
146644,1046843919,2.76884,5.896902161813437,2.98688,2.91735,-1,1,G,G,True,True
146644,1046988299,3.03868,8.041645298146642,4.55856,3.98319,1,-1,G,G,True,True
146644,1047435225,3.07188,6.536223282798714,3.68156,3.53696,-1,1,G,G,True,True
146644,1047600772,3.02268,16.048108070139016,11.7734,4.27653,1,-1,G,T,True,False
146644,1062570352,3.13588,8.320752158858056,4.83266,3.87718,1,-1,G,G,True,True
146644,1063364456,2.66526,9.738288131120427,8.67009,1.42034,-1,1,G,T,True,False
146644,1063702108,3.15814,7.1965996135356285,4.25406,3.29444,1,-1,G,T,True,False
146644,1064553642,2.93394,12.808017479848315,7.84379,5.17972,1,-1,G,G,True,True
146644,1065476470,3.45824,7.494184425721321,5.62875,2.01183,-1,1,G,T,True,False
146644,1065629278,3.08721,9.224237009700314,5.0618,4.2215,1,-1,G,G,True,True
146644,1065650619,2.97993,11.28994963930752,8.1306,3.51702,1,-1,G,T,True,False
146644,1065651541,3.59332,7.4875837613524565,6.31528,1.38631,1,-1,G,G,True,True
146644,1065670288,3.09458,7.993330373283029,4.18927,4.11152,-1,1,G,G,True,True
146644,1066118676,3.24844,6.339026570710443,5.85754,1.24401,-1,1,G,T,True,False
146644,1066223053,2.6684,14.129872491908905,12.1201,2.11615,-1,1,G,T,True,False
146644,1066551904,3.10965,8.6012413173274,4.58123,4.52907,-1,1,G,G,True,True
146644,1066577883,3.08036,11.56243799897755,9.39417,2.38163,-1,1,G,T,True,False
146644,1066789827,3.09336,15.606407970606176,8.29629,7.35087,-1,1,G,G,True,True
146644,1067548053,3.11121,10.934053647552906,10.1693,0.892447,-1,1,G,T,True,False
146644,1067848431,3.02279,10.684415240760721,6.22344,4.46645,-1,1,G,G,True,True
146644,1067916665,3.02529,7.8736647756380895,4.12433,3.98244,1,-1,G,G,True,True
146644,1068166153,2.96336,10.34603539386948,6.52477,3.82302,-1,1,G,G,True,True
146644,1069052102,3.12011,16.62898269054364,11.8482,4.81503,1,-1,G,G,True,True
146644,1069076561,2.72031,14.677770800189652,10.0131,4.87983,-1,1,G,T,True,False
146644,1069341136,3.09804,12.303356193189726,9.34357,2.96058,-1,1,G,G,True,True
146644,1069769311,3.16345,11.711452176534898,10.4224,1.63478,-1,1,G,T,True,False
146644,1070462490,2.86298,3.7091748084640064,3.11728,1.35279,-1,1,G,T,True,False
146644,1070475633,3.07392,18.83409747850449,13.9788,5.09571,1,-1,G,G,True,True
146644,1070731017,3.58873,6.984606453582335,6.4169,1.40833,-1,1,G,T,True,False
146644,1071238946,2.87582,9.713978246310829,9.25949,0.813601,-1,1,G,T,True,False
146644,1071356515,3.15289,7.952500422009671,4.6255,3.34043,1,-1,G,G,True,True
146644,1071408302,2.78118,8.266638436564502,7.69163,1.01675,1,-1,G,T,True,False
146644,1071567207,3.28919,11.011071467277333,10.1236,1.35241,1,-1,G,T,True,False
146644,1071695327,3.32328,28.175669760083792,19.7068,8.60446,-1,1,G,T,True,False
146644,1071761652,3.0749,11.853778237950127,6.27974,5.94385,1,-1,G,G,True,True
146644,1072208096,3.05801,8.288388034382802,4.83388,3.53734,-1,1,G,G,True,True
146644,1072252660,3.07193,10.350516809826647,6.41806,4.34674,1,-1,G,G,True,True
146644,1072265855,3.36159,7.1817219439438755,6.65916,1.26133,1,-1,G,T,True,False
146644,1127722489,2.6936,7.39063645633174,5.89197,1.94754,1,-1,G,T,True,False
146644,1128086713,3.07227,11.870568362509015,6.9154,5.07128,-1,1,G,G,True,True
146644,1128119070,3.00363,11.535527979568165,6.6924,5.2123,1,-1,G,G,True,True
146644,1128427593,3.32564,10.564509940801798,5.95324,4.61233,-1,1,G,G,True,True
146644,1128882441,3.12303,14.024267114291568,8.11601,6.19066,1,-1,G,G,True,True
146644,1128887005,3.20161,11.379543171816994,10.4771,1.32716,-1,1,G,T,True,False
146644,1129142472,3.09011,8.593899340252944,4.3981,4.22759,1,-1,G,G,True,True
146644,1129182978,3.04419,8.93605188481468,5.26103,4.15148,-1,1,G,T,True,False
146644,1129605010,3.37751,9.75394838349322,9.31283,0.994499,1,-1,G,T,True,False
146644,1129628989,3.04836,11.476334008575257,7.67382,3.83349,1,-1,G,G,True,True
146644,1129838838,3.11921,21.692030318312046,14.3753,7.53748,-1,1,G,G,True,True
146644,1129854012,3.41929,10.973677256512515,7.52657,3.96266,1,-1,G,T,True,False
146644,1129865528,2.83363,7.967048000046692,7.49216,0.893764,1,-1,G,T,True,False
146644,1130323420,3.07915,8.904394967274532,4.56724,4.55293,-1,1,G,G,True,True
146644,1306567054,3.03791,9.081574361805336,5.41833,3.66827,-1,1,G,G,True,True
146644,1306593784,3.15874,6.327612343854512,3.30093,3.17409,-1,1,G,G,True,True
146644,1307030157,2.85379,22.03202510229044,11.108,10.9696,1,-1,G,G,True,True
146644,1307184005,2.78835,3.7572563111003285,2.84588,1.51999,-1,1,G,T,True,False
146644,1307451365,3.05704,9.987290090971825,5.29612,5.14402,-1,1,G,G,True,True
146644,1308353509,3.0686,6.750810053089925,4.05309,3.01656,-1,1,G,G,True,True
146644,1308815992,3.06043,12.153167646687839,9.35211,3.14473,1,-1,G,G,True,True
146644,1309423495,2.79524,3.8729369703541523,2.98755,1.5168,1,-1,G,T,True,False
146644,1310160633,3.09393,10.19037925231068,7.35224,2.83847,-1,1,G,T,True,False
146644,1310193087,3.21343,10.247328270041905,6.01242,4.40998,1,-1,G,G,True,True
146644,1366977690,3.03647,11.441941710757357,9.28974,2.38984,-1,1,G,T,True,False
146644,1367458505,2.73332,4.613554039680147,3.45501,1.77241,1,-1,G,T,True,False
146644,1367762636,3.09406,16.226316064966813,9.30693,6.93205,-1,1,G,T,True,False
146644,1467336798,3.00261,5.723022143921951,3.41928,3.036,1,-1,G,G,True,True
146644,1467519024,3.13216,11.67828089926377,9.26964,2.78924,-1,1,G,G,True,True
146644,1467609518,3.5739,7.333682611621531,4.18964,3.68738,-1,1,G,G,True,True
146644,1467772286,2.96797,29.656834258831875,22.5653,7.23435,-1,1,G,T,True,False
146644,1468235826,3.07528,10.73625411865931,9.60325,1.15051,-1,1,G,T,True,False
146644,1468390718,3.09652,14.126790580405055,9.99665,4.1355,1,-1,G,G,True,True
146644,1468569512,2.74794,4.725073381379912,3.12446,2.20644,-1,1,G,T,True,False
146644,1468691248,3.1171,7.320703176853983,3.99387,3.88814,1,-1,G,G,True,True
146644,1468768486,2.82385,9.990122803658071,9.17367,1.19675,1,-1,G,T,True,False
146644,1469054010,2.83178,7.34488710970795,7.12903,0.721119,1,-1,G,T,True,False
146644,1469132635,2.79511,4.499632639516253,3.63418,1.64221,-1,1,G,T,True,False
146644,1469348561,3.48727,15.40800736543191,12.6054,3.15817,-1,1,G,G,True,True
146644,1469490886,3.18961,3.5722654557662703,3.54954,1.22919,-1,1,G,T,True,False
146644,1469661895,3.10836,8.553751868087705,8.21808,0.865992,1,-1,G,T,True,False
146644,1470419417,3.03102,11.282552194273244,6.08868,5.47285,-1,1,G,G,True,True
146644,1470642863,2.96105,10.89603749987563,6.60279,4.67635,1,-1,G,T,True,False
146644,1625833197,3.2838,11.40846409081433,7.0814,4.3803,1,-1,G,G,True,True
146644,1625867074,3.15738,12.533012946597967,11.8689,1.03682,-1,1,G,T,True,False
146644,1626361649,3.06377,7.572920175563784,4.07143,3.77913,-1,1,G,G,True,True
146644,1626764425,3.11359,7.948755262335103,4.25125,4.21519,1,-1,G,G,True,True
146644,1627241888,3.05413,17.153550284264306,13.0301,4.30467,1,-1,G,G,True,True
146644,1627322430,2.71151,8.975949657769032,5.60115,3.55613,-1,1,G,G,True,True
146644,1627763299,2.67778,13.888943402318263,12.3393,1.79827,1,-1,G,T,True,False
146644,1628346930,3.05881,12.747959908083333,9.22159,3.85923,-1,1,G,G,True,True
146644,1637069012,2.97988,8.73444703699095,4.64133,4.11573,1,-1,G,G,True,True
146644,1637105615,2.87902,13.743009692670126,10.0746,3.66995,-1,1,G,G,True,True
146644,1637177847,3.06963,9.995166809746648,9.21239,1.23472,1,-1,G,T,True,False
146644,1637384937,3.42471,10.682157623174684,9.7291,1.42327,-1,1,G,T,True,False
146644,1637393646,3.22436,9.361843624249445,8.93967,0.953695,1,-1,G,T,True,False
146644,1637451364,3.06865,11.156363026821285,7.49445,3.81147,-1,1,G,G,True,True
146644,1637562458,2.67828,2.388930955844685,2.03365,1.51256,1,-1,G,T,True,False
146644,1637754279,2.89,11.03563121646261,5.69699,5.37026,-1,1,G,G,True,True
146644,1638187053,3.11911,11.027239730907278,5.90376,5.13625,-1,1,G,G,True,True
146710,39687353,2.83583,9.173494009815942,8.11508,1.37462,1,-1,G,T,True,False
146710,39824210,3.09462,8.659397624067163,4.37764,4.30446,-1,1,G,G,True,True
146710,39928750,3.07567,11.67374436282121,7.04172,4.65946,1,-1,G,G,True,True
146710,39964383,2.91576,7.1043062384809845,6.2065,1.18881,-1,1,G,T,True,False
146710,40296817,2.86925,6.836930444007749,5.56158,1.28141,-1,1,G,T,True,False
146710,41159669,3.05465,6.4004853039956275,3.51876,3.50476,1,-1,G,G,True,True
146710,41570693,3.15181,8.410268600960137,5.08508,3.83225,-1,1,G,G,True,True
146710,41891548,3.42882,9.760953261423806,5.30646,4.96302,1,-1,G,G,True,True
146710,42407144,3.43377,9.27971865729312,9.08619,0.77281,-1,1,G,T,True,False
146710,42752180,3.14316,11.664634948671305,7.91395,4.16168,-1,1,G,G,True,True
146710,43689364,3.22511,8.964191162676084,4.77083,4.75301,1,-1,G,G,True,True
146710,43854645,3.07832,20.91037325481542,16.871,4.09801,-1,1,G,T,True,False
146710,44168066,3.11807,9.320093970969392,5.89455,3.46557,1,-1,G,G,True,True
146710,44346596,3.04789,13.078867374114205,9.00637,4.2502,-1,1,G,G,True,True
146710,45134744,3.06744,9.335885663272661,4.93952,4.79062,1,-1,G,G,True,True
146710,45207769,3.11533,13.585580956856427,9.09083,4.83414,1,-1,G,G,True,True
146710,45253185,2.75935,12.57659527895368,6.96411,5.7207,1,-1,G,G,True,True
146710,48936777,2.68922,16.216042704452434,13.0891,3.32202,1,-1,G,T,True,False
146710,49447205,3.01148,17.714208900256,16.1639,1.77888,1,-1,G,T,True,False
146710,49496561,2.88011,2.6870145412706647,2.014,1.87698,-1,1,G,T,True,False
146710,49538312,2.75091,0.26377537721516015,1.46464,1.27261,-1,1,G,T,True,False
146710,49826247,3.05807,7.6722318078210465,4.2505,3.51059,-1,1,G,G,True,True
146710,50001098,3.12181,9.593422029474153,5.15452,4.89592,1,-1,G,G,True,True
146710,50005164,3.52425,10.677083464848302,9.80218,0.896827,-1,1,G,T,True,False
146710,50181422,2.97678,2.4186717202187653,2.9776,0.789779,-1,1,G,T,True,False
146710,127597608,3.27605,9.74077596700186,8.7612,1.40393,-1,1,G,T,True,False
146710,127613077,3.06161,15.403953312405097,10.21,5.48708,-1,1,G,T,True,False
146710,128423386,3.51559,6.7072939068426844,5.56565,1.34524,1,-1,G,T,True,False
146710,128589311,3.25445,16.263791984186835,12.8609,3.40317,-1,1,G,G,True,True
146710,128831228,2.63125,7.226966867222029,4.3413,3.34277,1,-1,G,G,True,True
146710,185749679,3.29873,8.153584783954171,7.07549,1.71436,-1,1,G,T,True,False
146710,185838326,3.31804,7.406524822753314,7.0304,1.05787,1,-1,G,T,True,False
146710,186027433,2.60678,12.422676627185664,11.0683,1.60309,-1,1,G,T,True,False
146710,186413722,3.48421,13.490948838474631,13.0761,0.77581,-1,1,G,T,True,False
146710,186591603,3.07909,17.399867521823264,11.0216,6.45364,1,-1,G,G,True,True
146710,187292529,3.20462,3.2212818156457534,3.34703,1.17679,1,-1,G,T,True,False
146710,187302191,3.50971,12.659418539320832,11.2799,1.84548,1,-1,G,T,True,False
146710,187666994,3.25324,10.73932365698634,10.3689,0.82416,-1,1,G,T,True,False
146710,187897711,3.34134,10.211035081823438,9.48342,1.16157,-1,1,G,T,True,False
146710,187929485,3.08778,14.218932614517485,7.93722,6.34826,1,-1,G,G,True,True
146710,188126775,3.47429,7.795987313027389,7.36618,1.15515,1,-1,G,T,True,False
146710,188538590,3.05684,10.324686153070223,5.99851,4.72786,1,-1,G,G,True,True
146710,188709563,3.14862,9.071915280380434,6.51756,2.94271,-1,1,G,G,True,True
146710,188984238,3.0167,8.48936122314724,7.57961,1.38294,1,-1,G,T,True,False
146710,189018403,3.08039,10.202349976181958,6.76895,3.85404,-1,1,G,G,True,True
146710,189184396,3.15482,15.172306992119722,7.85344,7.63889,-1,1,G,G,True,True
146710,189393009,3.09998,5.447633502219106,3.15027,2.94752,-1,1,G,G,True,True
146710,189743689,3.12723,7.2950711436819455,4.49009,3.37335,1,-1,G,G,True,True
146710,189806038,3.55586,9.614307922497854,8.88833,1.3323,-1,1,G,T,True,False
146710,189872278,3.08481,10.660902987074266,6.22535,4.86037,-1,1,G,G,True,True
146710,190422647,3.3095,7.1250956562507985,6.5697,1.28129,-1,1,G,T,True,False
146710,190480186,3.082,9.903593774484088,5.41044,4.51517,-1,1,G,G,True,True
146710,190587682,3.06399,6.294388251571474,3.5931,3.39014,-1,1,G,G,True,True
146710,191107138,3.15843,8.103806645623338,5.38969,3.03018,1,-1,G,T,True,False
146710,192469017,3.09687,11.490022670036904,9.39895,2.49347,-1,1,G,T,True,False
146710,192853900,3.15988,7.620150492843564,4.22259,3.43558,-1,1,G,G,True,True
146710,193137161,3.33787,12.452868799711391,12.025,0.822725,1,-1,G,T,True,False
146713,66098765,3.07819,7.750690302404296,3.971,3.7817,-1,1,G,G,True,True
146713,66376994,2.95176,4.94102130505425,3.53678,2.17228,-1,1,G,G,True,True
146713,66987343,3.04477,7.51224860547759,4.74572,3.0937,-1,1,G,G,True,True
146713,66999795,3.16346,13.920194505196399,9.84592,4.27119,-1,1,G,G,True,True
146713,67043092,3.30456,9.581100407461035,9.06592,1.01038,1,-1,G,T,True,False
146713,67840811,3.23495,9.757198849054989,5.30307,4.71283,-1,1,G,G,True,True
146713,68253473,3.32843,11.264185633179391,10.0044,1.65465,1,-1,G,T,True,False
146713,68730742,3.10761,9.225592219700586,5.95262,3.4737,1,-1,G,G,True,True
146713,68861564,2.94579,6.075079049841574,3.32265,3.28321,1,-1,G,G,True,True
146713,69058557,3.11191,25.212940837137584,19.4911,5.84414,1,-1,G,T,True,False
146713,69133367,2.72107,4.441084537959169,2.83034,2.36315,1,-1,G,T,True,False
146713,69628137,3.12062,6.2438477981017435,5.82012,1.09646,-1,1,G,T,True,False
146713,225014829,2.93759,5.291225674096504,5.16002,0.882501,-1,1,G,T,True,False
146713,225146718,2.77605,6.10884734355181,5.50834,1.06723,-1,1,G,T,True,False
146713,225167309,3.09707,17.88042873871586,13.3325,4.57647,-1,1,G,G,True,True
146713,225642238,3.06158,6.4269306113883005,4.00685,3.08608,1,-1,G,G,True,True
146713,225918281,3.05485,10.04219578503626,6.14461,3.9443,1,-1,G,G,True,True
146713,226586227,3.15203,18.366388293597627,12.4147,6.21798,-1,1,G,G,True,True
146713,226669830,2.92699,6.534292271741236,5.80836,1.31927,1,-1,G,T,True,False
146713,230959855,3.09879,12.098153424593358,8.61983,3.54105,1,-1,G,G,True,True
146713,231124919,2.88779,9.547864878688847,8.80348,1.0247,1,-1,G,T,True,False
146713,231443533,3.10617,9.401399646044412,6.06287,3.81866,-1,1,G,G,True,True
146713,231715258,2.85885,9.125138131644912,7.60512,1.74193,1,-1,G,T,True,False
146713,232146609,3.51902,11.830907569740413,11.4891,0.765829,-1,1,G,T,True,False
146713,232160206,3.21461,13.791198304954106,8.04391,5.95109,1,-1,G,G,True,True
146713,232209148,3.48231,10.252352307913585,7.3708,3.44704,1,-1,G,T,True,False
146713,232637733,3.02156,8.182940095301932,6.65759,2.04697,1,-1,G,T,True,False
146713,233286814,3.44654,15.201801728084734,13.4572,1.97546,1,-1,G,T,True,False
146713,233560871,2.6781,3.800404636346109,3.35817,1.14059,-1,1,G,T,True,False
146713,234107650,3.22494,12.915351586484203,6.71902,6.22951,1,-1,G,G,True,True
146724,201808,2.95245,7.753710667370817,4.17908,3.92523,1,-1,G,G,True,True
146724,263986,2.94029,21.609710378191096,14.4669,7.17074,-1,1,G,G,True,True
146724,540376,3.06138,11.408171500060822,6.44919,5.02966,-1,1,G,G,True,True
146724,559243,3.46527,10.072261237239783,9.51295,1.10481,1,-1,G,T,True,False
146724,1124244,2.9041,11.464177126550384,5.95711,5.5071,-1,1,G,G,True,True
146724,1134224,3.55418,8.08599464274586,4.48801,4.14725,1,-1,G,G,True,True
146724,2233902,2.63632,8.475959401415807,7.74164,0.744926,1,-1,G,T,True,False
146724,2530108,3.59121,5.724878105122993,4.58592,1.31744,1,-1,G,T,True,False
146724,2534420,3.10475,21.803761851898425,16.3759,5.55775,-1,1,G,G,True,True
146724,2555921,3.0994,11.522499595890643,8.49154,3.36164,-1,1,G,T,True,False
146724,3043684,3.14674,9.160372317133186,5.433,4.22885,1,-1,G,G,True,True
146724,3592346,3.10443,9.523986790509527,5.82374,3.82968,-1,1,G,G,True,True
146724,3662085,2.81217,9.441670543997816,5.70471,4.01938,-1,1,G,G,True,True
146724,4025149,2.70649,8.76370356030651,5.14131,4.02467,-1,1,G,G,True,True
146724,4053770,2.90424,7.883847715647994,6.82965,1.56329,-1,1,G,T,True,False
146724,4250782,3.3148,13.186424966769463,11.3682,1.87383,1,-1,G,T,True,False
146724,4417333,3.32906,9.870322140923262,7.00483,3.34084,-1,1,G,G,True,True
146724,5370591,3.23257,8.007197198961757,4.60494,3.5759,-1,1,G,G,True,True
146724,5470906,2.97478,8.309223580022383,5.36922,3.45012,-1,1,G,G,True,True
146724,5512991,3.13812,21.766708261197973,20.2291,1.74016,-1,1,G,T,True,False
146724,5655469,2.89198,7.343499413097886,4.62636,3.15771,1,-1,G,G,True,True
146724,5917975,3.10546,19.442236428880808,15.3591,4.31633,1,-1,G,G,True,True
146724,39092987,2.72086,11.331722982735503,10.0103,1.62298,1,-1,G,T,True,False
146724,39262496,3.44263,11.568364000764811,10.7068,1.35723,-1,1,G,T,True,False
146724,39502268,3.20351,11.812662110923007,10.5919,1.63158,-1,1,G,T,True,False
146724,39503668,3.54173,9.63319763433098,9.20923,1.03186,1,-1,G,T,True,False
146724,39523493,2.71344,10.324895880712841,8.48649,2.17936,-1,1,G,T,True,False
146724,39592039,3.01428,13.074930183053407,12.0522,1.32923,1,-1,G,T,True,False
146724,39708902,3.06706,7.084268430849865,4.16244,3.52126,1,-1,G,G,True,True
146724,40097546,2.89793,7.2364327990072566,6.95902,0.72686,-1,1,G,T,True,False
146724,40265982,3.49235,13.445213131470435,12.7323,1.00193,-1,1,G,T,True,False
146724,40430060,2.87144,11.50733076590553,10.5437,1.29907,1,-1,G,T,True,False
146724,40900622,2.81025,8.726982176982432,8.32477,0.788373,-1,1,G,T,True,False
146724,41164201,3.42408,13.048606728231025,11.5165,1.96835,1,-1,G,T,True,False
146724,42441257,3.11363,11.937334835610335,9.94533,2.38761,1,-1,G,G,True,True
146724,42569401,3.03182,9.465845171543501,9.11708,0.815004,-1,1,G,T,True,False
146724,42686627,3.09177,10.86807376574322,9.30148,1.99004,1,-1,G,T,True,False
146724,43795797,2.71502,11.255492523844035,8.24681,3.24868,1,-1,G,T,True,False
146724,44628283,2.68784,11.201819537133241,9.33325,2.14267,1,-1,G,T,True,False
146724,91939313,2.95064,9.674538495049777,5.12157,4.81892,-1,1,G,G,True,True
146724,91987321,3.30232,14.030194919761307,10.9189,3.38255,-1,1,G,T,True,False
146724,92098142,3.0832,18.246176174821645,15.0659,3.42788,-1,1,G,G,True,True
146724,92130114,3.12069,11.936300126676608,6.3075,5.6425,-1,1,G,G,True,True
146724,92283020,3.23438,3.392049491823196,2.45527,2.09227,-1,1,G,T,True,False
146724,93753152,2.83521,8.97767709999803,7.8249,1.37331,-1,1,G,T,True,False
146724,93939532,3.15265,10.776939580888863,6.66359,4.28288,-1,1,G,G,True,True
146724,94049232,3.08535,10.327837460751404,6.42685,4.31919,1,-1,G,G,True,True
146724,94072356,3.50867,10.775667197015293,10.4464,0.863175,-1,1,G,T,True,False
146804,869947537,3.07729,7.929213181628364,5.79515,2.44009,-1,1,G,G,True,True
146804,870008914,3.09542,6.904574193750111,5.88927,1.50765,1,-1,G,T,True,False
146804,870128037,3.06765,14.30793743439284,9.86506,4.47135,-1,1,G,G,True,True
146804,870253564,2.74541,6.058675982123198,4.39654,2.24944,1,-1,G,T,True,False
146804,870534140,3.09191,10.035972296711266,6.44398,3.73176,1,-1,G,G,True,True
146804,870817818,3.38727,11.934565941499507,10.2631,2.12581,-1,1,G,T,True,False
146804,871325629,3.22671,3.892989717771677,3.23186,1.5743,-1,1,G,T,True,False
146804,871549793,3.08664,12.015092377035183,7.72501,4.46904,1,-1,G,G,True,True
146804,872026646,2.64229,2.44071677412538,1.97826,1.54317,-1,1,G,T,True,False
146804,872070502,2.97939,16.233345812213205,9.22232,7.01135,-1,1,G,G,True,True
146804,872209478,3.08286,8.550000779514585,4.95839,4.10036,1,-1,G,G,True,True
146804,872498959,3.10625,22.886235484980922,18.3749,4.6986,-1,1,G,G,True,True
146807,291610552,3.09864,16.685750509952165,9.34356,7.44732,1,-1,G,G,True,True
146807,292621466,3.28891,8.418374285454407,6.6431,1.94827,-1,1,G,T,True,False
146807,292691347,2.86867,7.599672219569736,4.1295,3.95469,1,-1,G,G,True,True
146807,320889303,3.07848,8.11796639382672,4.65344,3.59865,1,-1,G,G,True,True
146807,321141008,3.3753,12.658205968371545,12.1044,0.983001,-1,1,G,T,True,False
146807,321900299,3.07349,15.015799985001,9.1734,5.97032,1,-1,G,G,True,True
146807,322033680,3.08275,18.48651852521994,12.4243,6.31273,1,-1,G,G,True,True
146807,322096216,3.09735,8.878145654393434,4.84637,4.32058,-1,1,G,G,True,True
146807,328370938,3.07979,14.82282603480524,7.90492,7.12058,-1,1,G,G,True,True
146807,329211268,3.1895,7.306357090912269,4.13395,3.32793,1,-1,G,T,True,False
146807,329351055,2.82061,10.907794049212747,9.58259,1.67637,1,-1,G,T,True,False
146807,329785692,3.12281,2.5883761883468566,3.00451,0.978692,1,-1,G,T,True,False
146807,329804302,2.85615,4.227442335798325,2.75142,2.13248,-1,1,G,T,True,False
146807,330085498,2.93537,5.506195937349942,5.11922,1.10318,1,-1,G,T,True,False
146807,330726739,2.74868,10.965474776082429,7.82577,3.46611,1,-1,G,T,True,False
146807,331835607,3.11765,8.353903703808179,5.05976,3.83901,1,-1,G,G,True,True
146807,332108723,3.04391,1.4173135117485474,1.83339,1.32749,-1,1,G,T,True,False
146807,332317605,3.05477,6.8912284489083655,3.8795,3.14651,-1,1,G,T,True,False
146807,332567268,3.50806,16.047654577538736,12.3295,3.75158,-1,1,G,G,True,True
146807,332601218,3.06624,8.615017606669472,4.79898,4.30731,-1,1,G,G,True,True
146807,332646969,3.21732,9.799666985509917,9.28758,1.02044,-1,1,G,T,True,False
146807,333419917,2.80843,9.052829055747436,8.50688,0.961291,1,-1,G,T,True,False
146807,333532351,2.69083,7.042995298883849,4.25663,3.14666,-1,1,G,G,True,True
146807,333670134,3.09143,9.75179996936463,6.3277,3.81442,-1,1,G,T,True,False
146807,333758226,3.10026,11.942067445706206,6.06491,5.94376,-1,1,G,G,True,True
146807,334018442,3.1211,12.855078067622964,7.01956,5.99513,-1,1,G,G,True,True
146807,335108216,3.38416,11.841345950516141,11.5121,0.773747,1,-1,G,T,True,False
146807,335176280,3.22413,7.754381908854696,7.51087,0.879815,1,-1,G,T,True,False
146807,335307227,3.02889,9.19669144115018,8.4103,1.25855,1,-1,G,T,True,False
146807,335333653,3.09092,8.514774810745203,4.77459,4.28127,-1,1,G,G,True,True
146807,335748931,2.84422,15.776476967734242,12.7687,3.25398,1,-1,G,T,True,False
146807,335805941,2.67521,12.229741794705275,10.6566,1.81675,1,-1,G,T,True,False
146807,335941056,3.16863,7.758123681470926,5.03209,3.34526,-1,1,G,G,True,True
146807,335966225,3.37683,4.959242342530157,3.96157,1.80235,1,-1,G,T,True,False
146807,336027335,3.10352,12.756245489923788,6.77396,6.34653,1,-1,G,G,True,True
146807,336405472,2.60649,11.722526480497324,9.81901,2.18403,-1,1,G,T,True,False
146807,336450918,2.90252,3.2454677938984386,2.67431,1.62289,-1,1,G,T,True,False
146807,337308546,2.98903,9.742893100764784,9.1998,0.984946,-1,1,G,T,True,False
146807,337700148,3.12942,10.912832068375698,7.41352,3.50605,1,-1,G,G,True,True
146807,340182398,3.13943,8.03642038766639,4.71375,3.46739,1,-1,G,G,True,True
146807,340229515,3.02859,5.656154346417715,4.0091,1.65043,-1,1,G,T,True,False
146807,340346250,3.05525,8.860995302418402,7.76984,1.54859,1,-1,G,T,True,False
146807,340429127,3.0676,9.801619917460188,5.23233,4.94791,-1,1,G,G,True,True
146807,340766567,2.89131,5.491646312382836,4.87906,1.18614,-1,1,G,T,True,False
146807,340768619,3.01863,18.17834183462972,16.9248,1.4261,1,-1,G,T,True,False
146807,341019323,2.79981,6.184486492489413,5.28546,1.24952,1,-1,G,T,True,False
146807,341141582,3.58113,16.52009538282467,10.0631,6.82505,-1,1,G,T,True,False
146807,341362347,3.06999,7.095875091713496,3.78889,3.33403,1,-1,G,G,True,True
146807,341476325,3.0914,8.086151934869207,4.87527,3.77895,1,-1,G,G,True,True
146807,341540728,3.09571,6.959226219171209,3.93219,3.64104,-1,1,G,G,True,True
146807,341613335,2.9137,6.143761505170021,5.4362,1.34982,-1,1,G,T,True,False
146807,341876560,3.38277,6.472772085032579,6.27556,1.01879,1,-1,G,T,True,False
146807,342055642,3.08317,8.250364011193687,4.48778,3.76751,1,-1,G,G,True,True
146807,344213001,2.72876,21.07416951511969,10.7644,10.4759,-1,1,G,T,True,False
146807,344601490,2.91003,6.568578836620901,6.24761,0.924537,-1,1,G,T,True,False
146807,344805826,3.15436,7.307286355385561,3.96283,3.87682,1,-1,G,G,True,True
146807,345162534,2.79342,11.596998073852388,6.26292,5.40575,1,-1,G,G,True,True
146807,345296771,3.31625,6.849694288689094,5.18864,2.05406,-1,1,G,T,True,False
146807,345649942,3.05252,7.505267651596443,4.71263,3.18671,-1,1,G,G,True,True
146807,345883859,3.05729,13.668705457347633,7.11388,6.83689,1,-1,G,G,True,True
146807,345919515,3.13069,8.6248627872274,4.71684,4.00626,-1,1,G,G,True,True
146807,345960520,3.05078,7.835210730139235,4.72485,3.11139,1,-1,G,G,True,True
146807,361724896,3.02708,6.933395277121376,3.81486,3.14143,-1,1,G,G,True,True
146807,361897971,3.46597,9.682735180484903,5.06513,4.9803,-1,1,G,G,True,True
146807,361936643,2.94278,10.9281943962285,10.4993,0.80371,-1,1,G,T,True,False
146807,363181772,3.41908,11.61224020135176,11.121,0.819895,-1,1,G,T,True,False
146807,369864760,2.90514,7.149721587832634,6.8491,0.849311,-1,1,G,T,True,False
146807,370436422,2.94392,7.144362725506033,5.4762,2.20318,1,-1,G,T,True,False
146807,370711592,3.10882,20.365123223864863,14.8828,5.49733,-1,1,G,G,True,True
146807,370812716,3.07453,11.88353031288131,7.66323,4.59994,-1,1,G,G,True,True
146807,370994755,3.09681,7.635151572415835,5.00012,3.18753,1,-1,G,G,True,True
146807,370998438,3.08212,23.597399088823668,16.0747,7.71266,1,-1,G,G,True,True
146807,371257693,3.14048,6.048712278354873,3.37065,3.28679,-1,1,G,G,True,True
146807,371701880,2.60466,15.987312563720302,14.711,1.40208,1,-1,G,T,True,False
146807,372879199,3.14115,15.528274278010548,11.4181,4.15997,-1,1,G,G,True,True
147043,169988124,3.08764,13.759865320274761,9.62597,4.28583,-1,1,G,G,True,True
147043,170001963,2.72721,19.522283756633087,17.542,2.16499,1,-1,G,T,True,False
147043,170159204,2.9869,2.7104615437009985,2.68587,1.32349,1,-1,G,G,True,True
147043,170549145,3.07515,17.278147514525394,14.3321,3.1553,1,-1,G,G,True,True
147043,192168252,2.90454,11.670163305013215,10.8556,0.843771,1,-1,G,T,True,False
147043,192502054,2.60282,5.375554345216593,5.0922,0.851045,1,-1,G,T,True,False
147043,192858823,3.09973,22.96423377360675,13.8277,9.23269,1,-1,G,G,True,True
147043,192949806,3.08233,10.34996233088295,5.90946,4.88669,-1,1,G,G,True,True
147043,193095150,2.87887,6.135146818332875,5.55194,1.16683,1,-1,G,T,True,False
147043,193123103,3.33514,11.62814027364948,10.3281,1.72933,-1,1,G,T,True,False
147043,193351241,3.08333,10.474589876992798,6.53219,3.98276,1,-1,G,G,True,True
147043,194068909,3.08764,9.889150461844537,6.14414,4.0452,-1,1,G,G,True,True
147048,157718812,3.23015,7.938895390873027,5.16356,2.88877,-1,1,G,T,True,False
147048,157789715,3.01194,10.857845544324158,6.98772,3.95319,-1,1,G,G,True,True
147048,157935491,2.8627,11.498659259037291,10.3746,1.37072,1,-1,G,T,True,False
147048,157943896,3.1084,11.409103092633574,8.12481,3.67733,1,-1,G,G,True,True
147048,158188827,3.35938,11.983959951216542,11.6672,0.769751,1,-1,G,T,True,False
147048,158202800,3.10505,10.874341895719297,5.55631,5.47117,-1,1,G,G,True,True
147048,158736704,3.14397,13.58262788132326,9.44186,4.30665,-1,1,G,G,True,True
147048,158857489,3.04977,12.905641291931369,8.54869,4.41664,1,-1,G,G,True,True
147048,158931298,3.44309,12.931831183578913,12.1483,1.15089,-1,1,G,T,True,False
147048,158974379,3.14531,13.519621559204237,8.38144,5.19676,1,-1,G,G,True,True
147048,159006884,2.7458,22.32653734218766,20.0084,2.45615,1,-1,G,T,True,False
147048,159405342,2.80749,24.999690040454503,23.0753,2.07102,-1,1,G,T,True,False
147048,163144985,3.10443,16.863953585253963,12.082,4.82058,1,-1,G,G,True,True
147048,163170048,3.07731,8.819319046047942,5.04751,4.28093,-1,1,G,G,True,True
147048,163174830,3.0931,7.773819297215558,4.65704,3.19353,1,-1,G,G,True,True
147048,163215280,3.14486,19.076666593999068,11.805,7.43908,-1,1,G,G,True,True
147048,163563629,3.12894,10.31098212994068,6.56428,4.17644,-1,1,G,G,True,True
147048,163619405,2.9482,9.001805923413423,5.94026,3.52581,1,-1,G,G,True,True
147048,163652157,3.12244,8.420272512098407,4.92554,3.96918,1,-1,G,G,True,True
147048,164151201,3.04255,20.96269378566123,16.0917,4.99836,1,-1,G,G,True,True
147048,164452267,3.05684,6.667526014182472,3.74142,3.43922,-1,1,G,G,True,True
147048,164656982,3.11056,13.426690683057386,8.41826,5.16217,-1,1,G,G,True,True
147048,170200795,3.52102,15.26177275402055,13.4654,2.19385,1,-1,G,T,True,False
147048,170305102,3.09844,9.038430067065905,5.3686,3.98786,-1,1,G,G,True,True
147048,170394338,2.91556,8.89196281558802,5.2925,4.06206,1,-1,G,G,True,True
147048,170416182,3.44522,7.6312405982382705,5.24387,3.03331,1,-1,G,T,True,False
147048,170507117,2.98292,7.6764910002886735,6.98264,1.23564,1,-1,G,T,True,False
147048,170929491,3.17755,5.566013632114909,3.31099,3.09067,-1,1,G,G,True,True
147048,170980204,3.09724,8.702634069897517,5.30193,3.9248,-1,1,G,T,True,False
147048,171309492,3.07485,8.010934933799923,4.63395,3.56349,-1,1,G,T,True,False
147048,171965765,3.09201,10.858875781820142,7.45202,3.70277,-1,1,G,G,True,True
147048,172177176,3.12394,5.96844940314551,5.54883,1.16096,-1,1,G,T,True,False
147048,187796630,3.10955,8.035509624828036,5.23809,3.36396,1,-1,G,T,True,False
147048,188036985,3.19153,11.523188456798751,7.42004,4.25752,1,-1,G,G,True,True
147048,188039764,3.04269,7.69775776244687,4.70487,3.55803,-1,1,G,G,True,True
147048,188078606,2.89261,7.499366824223496,6.49631,1.52675,1,-1,G,T,True,False
147048,188551117,3.11193,11.282699510046344,6.36522,4.97377,1,-1,G,G,True,True
147048,188745988,2.71701,4.160637089377539,3.11603,1.53929,1,-1,G,T,True,False
147048,188859096,3.10987,7.241637730835547,4.38872,3.33627,1,-1,G,G,True,True
147048,189363812,3.1002,11.896292818037896,7.32197,4.6687,1,-1,G,G,True,True
147048,190015087,3.11618,6.19733836188569,3.55173,3.3798,1,-1,G,G,True,True
147048,247365885,2.95051,6.480819479894267,6.09227,0.882053,1,-1,G,T,True,False
147048,247428691,2.79092,9.67772980939745,5.79397,4.10792,1,-1,G,G,True,True
147048,247533898,3.05611,13.920260431967499,9.14044,5.10708,1,-1,G,G,True,True
147048,247998477,2.6159,7.289460029223702,6.58413,1.15461,-1,1,G,T,True,False
147048,248013668,2.91448,9.891745173781064,8.36805,1.77409,1,-1,G,T,True,False
147048,248334587,2.83508,9.07466316987887,7.96178,1.53703,1,-1,G,T,True,False
147048,249179157,2.84831,10.318873923510308,8.94418,1.69848,-1,1,G,T,True,False
147048,249180987,3.01447,6.2278718413676435,3.73677,3.0582,-1,1,G,G,True,True
147048,249430663,3.10804,6.930738372417473,4.45139,3.12349,-1,1,G,G,True,True
147048,249740502,3.10099,14.01618137739734,10.1267,3.89624,-1,1,G,G,True,True
147048,250237810,3.10071,9.07430549025654,4.95284,4.63402,-1,1,G,G,True,True
147048,250275516,3.16399,12.193223145017729,10.581,1.78137,-1,1,G,T,True,False
147048,250790228,3.13556,7.992356377165873,7.25018,1.14696,1,-1,G,T,True,False
147048,250929556,3.04657,11.688494709893144,7.1003,4.59121,-1,1,G,G,True,True
147048,251176060,3.0965,10.437433835817883,5.73596,5.13811,-1,1,G,G,True,True
147048,251286296,2.97695,9.839883107639032,5.72214,4.52572,1,-1,G,G,True,True
147048,251365447,3.12145,6.140235618761628,3.75879,3.10366,-1,1,G,G,True,True
147048,251593628,3.11616,6.356792125907532,3.77408,2.59593,1,-1,G,G,True,True
147048,251661865,2.88253,14.759315658100682,13.9031,1.07935,-1,1,G,T,True,False
147048,251838690,2.80059,3.45411109698009,2.35734,1.81099,1,-1,G,T,True,False
147048,254801685,2.83952,16.32124290861759,10.2101,6.34045,1,-1,G,G,True,True
147048,254824336,2.82117,13.97825592830522,9.50307,4.55295,1,-1,G,G,True,True
147048,254979352,3.08225,8.7786260795166,4.80875,4.25903,1,-1,G,G,True,True
147048,255338625,3.09344,10.288392882867761,7.45203,3.03406,1,-1,G,T,True,False
147048,255369300,3.20981,4.021596718992221,3.04139,1.83591,1,-1,G,T,True,False
147048,255741150,3.40194,10.796231551418717,10.3825,0.876911,1,-1,G,T,True,False
147048,256809673,3.34713,11.474459670215412,7.45527,4.32356,1,-1,G,G,True,True
147048,256839974,2.74469,9.675314415868975,8.99197,0.957539,1,-1,G,T,True,False
147048,256848968,3.11165,11.37629678158055,6.56721,5.10619,1,-1,G,G,True,True
147048,256874489,3.09342,13.18279865132211,8.95576,4.35595,-1,1,G,G,True,True
147048,256895686,2.85204,12.542682592752476,11.3232,1.37751,1,-1,G,T,True,False
147048,264381686,3.12042,14.000081356495754,9.41145,4.59657,1,-1,G,T,True,False
147048,264406400,2.88242,4.274661501965857,3.70566,1.32405,-1,1,G,T,True,False
147048,264412228,2.84371,10.559672355337735,7.34458,3.52074,1,-1,G,G,True,True
147048,264523700,3.10897,6.235697811191623,3.90352,3.05989,-1,1,G,G,True,True
147048,264714156,2.75463,5.05819954162358,3.29918,2.39784,1,-1,G,T,True,False
147048,264991781,2.97424,21.989151174977174,15.2919,6.72968,1,-1,G,G,True,True
147048,265180729,2.92692,5.9101033434680526,5.68356,0.901337,1,-1,G,T,True,False
147048,266544777,3.05578,9.84031743593671,5.83716,4.00484,-1,1,G,G,True,True
147048,266582079,3.17262,23.220441063609112,12.6586,10.7713,1,-1,G,G,True,True
147048,266648790,2.75497,11.554598101211308,10.7934,1.04424,1,-1,G,T,True,False
147048,266894501,2.99668,10.812864370237934,7.00668,3.88398,1,-1,G,G,True,True
147048,267652621,2.67735,22.654738359261625,13.1139,9.56653,1,-1,G,G,True,True
147048,267823844,3.09361,10.664555548953974,9.60949,1.49037,-1,1,G,T,True,False
147048,268452890,3.32553,10.781790793189227,5.57647,5.25784,-1,1,G,G,True,True
147048,268585084,3.48459,12.345839156349033,10.4752,2.06459,1,-1,G,T,True,False
147048,268610789,3.07097,8.7875891206633,5.82268,3.46051,-1,1,G,G,True,True
147048,268674778,3.0799,10.108925668991736,5.42126,4.71757,-1,1,G,G,True,True
147048,268920460,2.62691,5.333830736440837,4.98541,0.948312,-1,1,G,T,True,False
147048,268955320,3.05469,7.122259236407785,6.35963,1.35868,1,-1,G,T,True,False
147048,274205227,3.14621,11.727635561766064,7.44388,4.37822,-1,1,G,G,True,True
147048,274743350,2.89931,8.516141922497065,7.90719,1.05433,-1,1,G,T,True,False
147048,275344237,2.90481,13.74613989759307,9.17888,4.57843,1,-1,G,G,True,True
147048,275472030,3.07234,8.346410600881075,4.81834,3.85156,-1,1,G,G,True,True
147048,275505778,3.2111,9.431494330658143,9.01358,0.93684,-1,1,G,T,True,False
147048,275585661,3.12694,8.415777928025419,7.93683,0.943571,-1,1,G,T,True,False
147048,275609816,2.73763,9.548890724937635,5.72702,3.92307,-1,1,G,G,True,True
147048,276278465,3.59878,8.612336182782464,8.15175,1.15388,1,-1,G,T,True,False
147048,276347609,3.11195,8.899180857703984,6.89567,2.51352,1,-1,G,T,True,False
147048,336260643,2.85578,11.360563676974834,10.4188,1.28756,1,-1,G,T,True,False
147048,336410086,2.96789,9.742562175904704,8.99582,1.04936,-1,1,G,T,True,False
147048,336452819,3.22971,9.039606931777731,8.37477,1.21358,1,-1,G,T,True,False
147048,337479280,2.82956,9.92328818021854,9.55627,0.753357,-1,1,G,T,True,False
147048,337780641,2.97317,9.751340068242621,9.47855,0.691692,-1,1,G,T,True,False
147048,337803962,2.77436,6.218579743286163,5.72426,1.01884,1,-1,G,T,True,False
147048,338178663,2.61349,4.54184633667895,2.66713,2.42142,1,-1,G,T,True,False
147048,384461129,3.0443,8.101264913876106,4.95949,3.21926,-1,1,G,G,True,True
147048,384918033,3.00437,4.766858566498486,3.03453,2.24799,1,-1,G,T,True,False
147048,384982948,3.11856,12.62652806278832,7.34716,5.30442,1,-1,G,G,True,True
147048,385562323,3.11878,16.310353923725874,12.7614,3.54908,1,-1,G,G,True,True
147048,385650290,2.94437,7.805567888162974,4.34874,3.65595,-1,1,G,G,True,True
147048,385945359,3.07609,12.87662494048425,8.65749,4.35107,1,-1,G,G,True,True
147048,389796385,3.48897,10.107638615852666,9.13536,1.22775,1,-1,G,T,True,False
147048,390058313,3.09513,11.124717433557583,5.90413,5.30786,-1,1,G,G,True,True
147048,390419459,2.81306,24.583748923467713,17.0295,7.69222,-1,1,G,T,True,False
147048,390580059,2.73787,9.792940393115288,8.62046,1.52865,-1,1,G,T,True,False
147048,390635155,3.08792,23.56019301345598,18.6882,4.88047,1,-1,G,G,True,True
147048,390702840,2.92845,11.83224291848439,6.52595,5.61547,-1,1,G,G,True,True
147048,390712892,3.32713,16.624624595354447,15.0457,1.67909,-1,1,G,T,True,False
147048,391290268,3.10724,11.874066920400146,10.4697,1.78647,1,-1,G,T,True,False
147048,391463095,3.19361,12.167772436672374,9.39474,3.06548,1,-1,G,G,True,True
147048,391537211,3.37053,11.723353199913795,10.3787,1.44553,1,-1,G,T,True,False
147048,391602700,2.6739,5.37751304198545,4.41082,0.979075,-1,1,G,T,True,False
147115,89866234,3.20174,11.194074542515652,10.8489,0.72955,1,-1,G,T,True,False
147115,89920502,3.05897,11.14178714598336,5.81725,5.39641,1,-1,G,G,True,True
147115,90465251,3.09594,9.017497189226066,4.81897,4.21606,-1,1,G,G,True,True
147115,90474728,3.06226,7.819676288328308,4.55247,3.79378,1,-1,G,G,True,True
147115,90524808,2.81548,9.507948578100168,9.1101,0.741009,1,-1,G,T,True,False
147115,90543000,3.10351,15.166453582772737,10.1296,5.20794,-1,1,G,G,True,True
147115,90651287,2.74009,14.23378006516189,9.86678,4.62206,-1,1,G,T,True,False
147115,90747972,3.07649,4.653049007924159,3.93329,1.55569,1,-1,G,T,True,False
147115,90920150,3.07291,12.332068457164842,9.80509,2.63255,-1,1,G,G,True,True
147115,90932398,3.02902,13.7515221498749,12.4586,1.51384,1,-1,G,T,True,False
147115,90989192,3.0877,11.202559858121715,6.8986,4.4,1,-1,G,G,True,True
147115,90997907,3.04399,10.728015384762458,6.06426,4.7861,1,-1,G,G,True,True
147115,91331501,3.09387,11.002066777042392,5.64122,5.47013,1,-1,G,G,True,True
147115,91996858,3.00311,6.102527845111073,5.11223,1.41692,-1,1,G,T,True,False
147115,92005615,3.09644,9.423567326631462,5.49888,4.2578,1,-1,G,G,True,True
147115,92914963,3.17557,13.263549746433682,11.8971,1.48856,-1,1,G,T,True,False
147115,93561879,3.08342,8.048902689857792,4.11379,4.07994,-1,1,G,G,True,True
147115,94038543,3.07834,9.393240708327506,6.59937,3.20434,-1,1,G,G,True,True
147115,94073011,3.12279,11.33058968414707,9.90891,1.69621,1,-1,G,T,True,False
147115,94298570,3.0918,16.445815840176493,13.7815,2.67594,1,-1,G,G,True,True
147115,94374633,3.02731,12.114823125729075,6.18316,6.12652,1,-1,G,G,True,True
147115,94930287,2.97625,12.259031148968406,11.5455,0.983827,-1,1,G,T,True,False
147115,94973679,2.78527,14.296575766896177,10.2587,4.30445,-1,1,G,G,True,True
147115,95020185,3.13559,13.444294450479727,8.07957,5.5521,-1,1,G,G,True,True
147115,95095296,3.09971,10.075760489337988,9.4197,1.04179,1,-1,G,T,True,False
147115,95683883,3.07591,8.587684383217864,5.33269,3.63848,-1,1,G,G,True,True
147115,96176433,2.76642,5.124867262681054,3.66443,1.72299,1,-1,G,T,True,False
147115,96220232,3.12131,29.33897851322367,24.3407,5.12583,1,-1,G,G,True,True
147115,96394725,2.8546,4.102963120650929,2.96864,1.92083,1,-1,G,T,True,False
147115,96401482,3.47236,8.959758913666205,8.03034,1.57322,-1,1,G,T,True,False
147115,99847426,3.12958,8.663550833270444,5.34731,3.77158,-1,1,G,G,True,True
147115,100242299,3.04731,7.018230598147656,4.0142,3.1202,1,-1,G,G,True,True
147115,100491604,3.12547,14.49302743067852,9.86377,4.95858,1,-1,G,G,True,True
147115,100644273,3.11289,5.806678856645079,3.33439,3.19577,-1,1,G,T,True,False
147115,100688270,2.90696,9.390645088641035,8.58319,1.2325,-1,1,G,T,True,False
147115,144171154,3.12717,21.118131877082806,19.8245,1.41643,-1,1,G,T,True,False
147115,144210659,3.10193,17.933213179307298,10.3365,7.71921,-1,1,G,T,True,False
147115,144395205,2.80517,15.193690134367586,14.3727,0.956581,1,-1,G,T,True,False
147115,144435371,3.11909,11.519345372263237,6.61101,5.05572,-1,1,G,G,True,True
147115,144494010,3.15009,9.124819450931673,5.32273,4.19746,-1,1,G,G,True,True
147115,144750974,2.68582,10.575952879917631,10.1114,0.788296,-1,1,G,T,True,False
147115,144753630,3.10553,12.941363176613198,6.63279,6.63265,-1,1,G,G,True,True
147115,145018416,2.97606,10.671005644474377,9.83997,1.20108,-1,1,G,T,True,False
147115,145315342,3.10933,7.713082549642783,3.99955,3.71642,-1,1,G,G,True,True
147115,146256699,3.04704,9.70975401247632,5.5017,4.33451,-1,1,G,G,True,True
147115,146477657,3.19113,10.166636922541986,9.84365,0.785494,-1,1,G,T,True,False
147115,146515990,3.08902,12.984172660949985,8.07633,5.00303,1,-1,G,G,True,True
147115,147413730,3.0836,6.550234594106821,6.28859,0.944366,1,-1,G,T,True,False
147115,147451590,3.08911,5.259094234796425,4.47749,1.00227,-1,1,G,T,True,False
147115,147519815,3.2186,9.961640883814724,9.17818,1.28475,-1,1,G,T,True,False
147115,148544180,3.18493,7.037140332663545,4.33292,3.18723,-1,1,G,G,True,True
147115,148601928,2.9083,13.809319662608292,9.08482,4.98714,-1,1,G,T,True,False
147115,150883150,2.90845,2.4405125210534284,2.85973,0.921144,1,-1,G,T,True,False
147115,151392200,3.12468,12.363686738190191,7.0194,5.42838,1,-1,G,G,True,True
147115,151515557,3.08788,9.124452734415417,5.8477,3.48399,1,-1,G,G,True,True
147115,151664026,2.68127,4.857864833536357,3.55095,1.81235,-1,1,G,T,True,False
147115,151674375,2.63386,14.576495429600914,10.5912,3.98527,-1,1,G,G,True,True
147115,151680195,3.27664,10.022422496932359,9.73645,0.768027,-1,1,G,T,True,False
147115,152037843,3.04153,8.360976115290844,4.49019,4.38937,1,-1,G,G,True,True
147115,152631433,3.2037,11.256697055300192,9.81729,1.88261,-1,1,G,T,True,False
147115,152632869,3.07958,11.383999392555324,6.56383,5.22262,1,-1,G,G,True,True
147115,152855075,3.27212,4.6895616843015295,4.18022,1.43723,-1,1,G,T,True,False
147115,152879442,3.05789,11.552066468224462,10.1299,1.55815,-1,1,G,T,True,False
147115,152961926,3.52428,10.05809573726558,8.96881,1.65383,1,-1,G,T,True,False
147115,152999881,3.51036,11.79109499696398,11.1139,1.12196,-1,1,G,T,True,False
147115,153192955,2.63718,7.168962085931616,6.22137,1.39087,-1,1,G,T,True,False
147115,153470908,2.72495,6.222601734324398,5.50785,1.23996,-1,1,G,T,True,False
147115,153544231,2.61941,27.44571999862312,23.6432,3.90335,1,-1,G,T,True,False
147115,153595284,3.12288,12.057348867827454,6.28372,6.14854,1,-1,G,G,True,True
147115,153717879,3.12462,6.616808625742472,3.94573,3.25739,1,-1,G,G,True,True
147115,153982486,3.11038,7.599266237170533,4.19733,3.67667,1,-1,G,G,True,True
147115,154334928,3.17587,12.361860616986466,9.82752,2.93245,-1,1,G,T,True,False
147115,172254808,2.84872,10.009076914908986,9.02573,1.30748,-1,1,G,T,True,False
147115,173216977,3.10305,8.774811786679017,6.42221,2.80575,1,-1,G,T,True,False
147115,173314307,3.05882,7.829128489191884,4.52423,3.46534,-1,1,G,G,True,True
147115,173860941,2.81098,5.951072452418051,5.09475,1.4357,-1,1,G,T,True,False
147115,174083318,3.07539,7.3722850999469625,4.48723,3.49203,1,-1,G,G,True,True
147115,174128640,3.13374,7.588085470822004,4.09602,3.89963,-1,1,G,G,True,True
147115,176968450,3.08899,18.17407109346995,16.9824,1.34038,1,-1,G,T,True,False
147115,176970587,2.98626,11.044434648716837,10.1854,1.23698,-1,1,G,T,True,False
147115,177031975,2.9088,6.330839651844295,5.38212,1.3593,-1,1,G,T,True,False
147115,177227576,3.3095,8.991358186547792,7.43614,2.13274,1,-1,G,T,True,False
147115,177345660,2.65625,5.121001989862653,4.93985,0.819518,-1,1,G,T,True,False
147115,177421644,3.15566,8.217754318940242,4.29412,4.02052,1,-1,G,G,True,True
147115,177672561,3.42377,9.042288469188316,5.31968,3.80083,1,-1,G,G,True,True
147115,177735224,3.10154,14.378157291895926,9.52783,4.88517,-1,1,G,G,True,True
147115,178157212,2.83362,19.40348103796432,11.6066,7.85517,1,-1,G,G,True,True
147115,178329166,3.19781,9.421374150821153,9.01645,0.914288,-1,1,G,T,True,False
147115,178897723,2.99315,8.011579945279207,6.49945,1.68919,1,-1,G,G,True,True
147115,178907953,3.06775,11.095840120738941,7.38337,4.06939,-1,1,G,G,True,True
147115,181958265,3.00687,13.761475771970897,12.6446,1.42961,1,-1,G,T,True,False
147115,182478472,3.08502,9.890440123321104,5.70996,4.18391,1,-1,G,G,True,True
147115,182555242,2.85073,11.020350956707322,5.77142,5.24902,1,-1,G,G,True,True
147115,182893604,3.32554,10.274360409650813,7.83256,2.65855,-1,1,G,G,True,True
147115,183238481,3.12416,9.63485242241416,5.8554,3.86435,-1,1,G,G,True,True
147115,183258807,2.76763,2.9549153893301243,2.41013,1.27286,1,-1,G,T,True,False
147115,183334122,3.15681,7.4069204601710155,4.06762,3.96806,1,-1,G,G,True,True
147115,183775027,3.29681,10.93702647883601,10.5105,0.855963,1,-1,G,T,True,False
147115,183986679,3.10857,11.48257351978036,6.39585,5.08695,1,-1,G,G,True,True
147115,184431591,3.12439,14.914552226131365,7.80903,7.18603,1,-1,G,G,True,True
147115,184448612,2.77582,4.119948012766788,3.08727,1.52862,1,-1,G,T,True,False
147115,185009889,3.10481,23.065059101948993,19.5522,3.71625,-1,1,G,T,True,False
147115,185388815,3.07162,14.156737074690941,7.36425,6.9518,1,-1,G,G,True,True
147115,185407657,3.05974,8.042763182678511,4.44667,4.08927,-1,1,G,G,True,True
147115,185500716,2.73197,10.391609812034707,7.79906,2.62892,-1,1,G,T,True,False
147115,185798958,3.09052,6.688091023247766,3.97507,3.34376,1,-1,G,G,True,True
147115,186824751,3.12914,28.830989474724937,23.7416,5.18422,-1,1,G,G,True,True
147115,186898570,3.09208,8.607599708652813,5.72862,3.22525,-1,1,G,G,True,True
147115,187462228,3.42097,12.605533270956848,7.03369,5.82421,1,-1,G,G,True,True
147115,187552345,3.04358,16.67686611197979,9.39399,7.28654,1,-1,G,G,True,True
147115,187676212,3.11669,6.3416848972784035,4.39449,2.61387,1,-1,G,T,True,False
147115,187721315,3.06831,14.789346825340191,10.0746,4.7198,-1,1,G,G,True,True
147115,187957762,2.83095,5.590677557565719,5.18029,1.00166,1,-1,G,T,True,False
147115,187977070,2.89935,8.800362153282386,5.33696,3.8792,1,-1,G,T,True,False
147115,188021161,3.01756,15.849191710610985,9.62912,6.44999,-1,1,G,G,True,True
147115,188124948,3.08233,9.629280725099097,9.2786,0.784353,-1,1,G,T,True,False
147115,188209940,2.64148,4.565483075207376,4.18035,1.08526,-1,1,G,T,True,False
147115,188295529,3.31752,9.324321455677083,5.51152,3.8526,-1,1,G,T,True,False
147115,193239219,3.20109,19.807435850614283,11.8335,8.18272,-1,1,G,T,True,False
147115,193851433,2.73469,14.813123561116338,8.54551,6.51175,1,-1,G,G,True,True
147115,193862299,3.15676,6.161481044703781,3.59564,2.99019,1,-1,G,G,True,True
147115,194334661,3.06259,7.519091420024695,3.98068,3.54223,-1,1,G,G,True,True
147115,194620861,3.17905,7.130611173355969,4.11918,3.68272,1,-1,G,G,True,True
147115,195044608,3.1349,11.839068666647728,6.53366,5.31756,-1,1,G,G,True,True
147115,196069574,3.06729,7.366983289763593,6.28409,1.52293,1,-1,G,T,True,False
147115,196118482,3.18959,8.087295842826327,4.69635,3.6701,-1,1,G,G,True,True
147115,196247273,3.13689,11.129581199892474,6.09791,5.05226,1,-1,G,G,True,True
147115,196428247,3.12378,18.696849239772995,14.4657,4.23964,1,-1,G,G,True,True
147115,196990847,2.80271,6.632892445208199,4.4112,2.65387,-1,1,G,T,True,False
147115,197522063,3.1026,9.832355413122992,6.29396,3.83295,1,-1,G,G,True,True
147115,197572380,3.57561,13.696066771067668,12.0871,2.02289,1,-1,G,T,True,False
147115,197853964,3.30029,9.166305195379925,8.89956,0.758731,1,-1,G,T,True,False
147115,198190455,3.55133,8.834464869620797,7.60401,1.60159,1,-1,G,T,True,False
147115,198609514,2.74731,10.184523335284819,9.10127,1.37459,-1,1,G,T,True,False
147115,198725101,3.08839,7.544933097185157,4.50772,3.31193,1,-1,G,G,True,True
147115,199192189,3.12219,11.481554191354105,7.07068,4.78301,1,-1,G,G,True,True
147115,199485805,3.05423,5.995610550366743,3.73727,2.25838,-1,1,G,T,True,False
147115,199805787,2.71656,9.818550984335724,7.01685,3.10644,1,-1,G,T,True,False
147115,209632531,3.08035,12.473254569052939,7.52543,4.95738,1,-1,G,G,True,True
147115,210064976,2.77359,10.905827336640948,9.8508,1.24309,1,-1,G,T,True,False
147115,210387238,3.44256,9.596026962814141,8.90165,1.26942,-1,1,G,T,True,False
147115,210431771,2.89086,19.99140549972663,17.3302,2.75938,1,-1,G,T,True,False
147115,210604818,3.11162,10.365369306568338,7.48086,3.28944,1,-1,G,G,True,True
147115,210734137,3.50058,11.957790677787264,10.3043,2.14299,1,-1,G,T,True,False
147115,211251201,3.01045,6.2040235158287524,4.97699,1.90168,1,-1,G,T,True,False
147115,211588460,3.00177,10.053195554017439,8.09247,2.29156,1,-1,G,G,True,True
147115,211648946,3.00559,8.167157760259318,4.63575,3.86176,-1,1,G,G,True,True
147115,214305672,3.09585,9.994394755241562,6.18436,3.89527,1,-1,G,G,True,True
147115,214728486,3.08334,12.282100795708526,7.95736,4.61668,1,-1,G,G,True,True
147115,214755745,3.07399,7.773391289555738,4.36838,3.91827,1,-1,G,G,True,True
147115,215082735,3.09833,6.827468164240386,3.95212,3.4993,-1,1,G,G,True,True
147115,215497846,3.09828,7.362647460710108,4.46836,3.14259,1,-1,G,G,True,True
147115,215519162,3.15127,9.691066233314269,7.14962,2.63966,-1,1,G,G,True,True
147115,215554647,3.0364,13.31363822505704,8.24242,5.13605,1,-1,G,G,True,True
147115,216092440,3.38038,5.874653621513441,5.39492,1.34001,-1,1,G,T,True,False
147115,217251654,3.09294,11.094848758436322,9.39947,1.75209,-1,1,G,T,True,False
147115,217704158,2.88057,1.9468678260048884,2.68264,0.780025,1,-1,G,T,True,False
147115,218419557,3.14436,8.341105695942474,4.54647,4.3282,-1,1,G,G,True,True
147115,218587735,2.88972,4.387276501708662,2.81975,2.3137,-1,1,G,T,True,False
147115,219078307,3.06546,12.041586793891577,8.61846,3.67995,1,-1,G,G,True,True
147115,219559704,3.07322,7.867838601070817,5.1327,3.28139,-1,1,G,G,True,True
147115,219810421,3.05159,13.051099915225537,8.24097,5.02949,1,-1,G,G,True,True
147115,219828587,2.8555,7.770444728907092,4.3323,3.93862,1,-1,G,G,True,True
147115,219924570,3.07058,3.3884922405714613,3.67257,0.774791,1,-1,G,T,True,False
147115,220105634,3.12664,6.228724278048917,3.69709,3.2429,1,-1,G,G,True,True
147115,220669490,2.86139,15.616279890365217,8.40228,7.23963,1,-1,G,G,True,True
147115,220919273,2.63874,10.866283525424365,9.52422,1.55225,1,-1,G,T,True,False
147115,221031046,3.08181,8.63100808233314,4.75496,4.12119,1,-1,G,G,True,True
147115,221290142,3.32665,3.6092403289335,3.08802,1.41301,1,-1,G,T,True,False
147115,221480706,3.13088,6.842292083793558,5.81998,1.66031,-1,1,G,T,True,False
147115,222128388,3.09923,9.108975406282587,6.02092,3.16652,-1,1,G,G,True,True
147115,222207324,3.20324,16.29606434304001,9.32242,7.15526,-1,1,G,G,True,True
147115,222615271,3.18634,12.837451653735645,11.0982,1.82031,-1,1,G,T,True,False
147115,223033931,3.13756,11.049566820609984,9.71754,1.62756,-1,1,G,T,True,False
147115,223274306,3.3118,13.915279509813987,12.6868,1.45275,-1,1,G,T,True,False
147115,223301551,3.12737,9.93080271966471,5.10931,5.04846,-1,1,G,G,True,True
147115,223382127,2.74344,6.465120853621378,5.65756,1.14311,1,-1,G,T,True,False
147115,223513011,3.08085,12.437158522946469,9.20929,3.48246,1,-1,G,T,True,False
147115,224547116,3.0917,8.161242852764522,4.75148,3.97316,1,-1,G,G,True,True
147115,224582720,2.79581,4.157401698082229,3.22166,1.75577,1,-1,G,T,True,False
147115,224582907,2.82814,7.213818611837977,3.97717,3.76829,1,-1,G,G,True,True
147115,225596165,3.12047,11.793807501146523,8.68216,3.39984,1,-1,G,G,True,True
147115,228292711,3.10339,8.778322261491656,4.77341,4.45817,1,-1,G,G,True,True
147115,229025931,3.18387,15.323746236015527,12.2666,3.2238,-1,1,G,T,True,False
147115,229151510,2.70314,5.827789602257514,5.09547,1.29856,1,-1,G,T,True,False
147115,229188240,2.84552,3.387961346388858,2.92324,1.47008,1,-1,G,T,True,False
147115,229238284,3.34518,5.233740979056568,3.70933,2.43716,-1,1,G,T,True,False
147115,229336315,2.71256,25.783561936958986,21.0141,4.77008,-1,1,G,G,True,True
147115,229841008,3.06725,6.126847280153472,3.53948,3.30606,1,-1,G,G,True,True
147115,229998738,2.71198,7.364906507860232,6.88479,0.84991,1,-1,G,T,True,False
147115,230007091,3.0619,20.839499133902642,13.802,7.25718,-1,1,G,G,True,True
147115,253546388,3.31918,23.72008549946016,22.1032,1.83498,-1,1,G,T,True,False
147115,253653279,3.10384,7.6453848864394,4.21423,3.93683,-1,1,G,G,True,True
147115,253808387,2.78909,14.104583226784158,10.8439,3.39384,-1,1,G,T,True,False
147115,253974961,3.11,16.27414818303557,13.0483,3.41895,-1,1,G,G,True,True
147115,254677380,2.70487,7.671510754983272,6.60288,1.33626,-1,1,G,T,True,False
147115,254833754,3.48918,10.543758986420166,9.95197,1.14013,1,-1,G,T,True,False
147115,254986145,3.09556,9.91286567128618,6.61802,3.6338,-1,1,G,G,True,True
147115,255302747,3.04506,5.456082208373055,3.08919,2.8988,1,-1,G,T,True,False
147115,255501256,3.06262,12.68538239536834,7.68407,5.35704,-1,1,G,G,True,True
147115,255503498,3.11024,13.686861322220665,8.45988,5.46844,1,-1,G,G,True,True
147115,255507816,2.8665,10.271557871525625,6.53891,4.0384,-1,1,G,T,True,False
147115,255658070,3.33523,10.65061085212036,9.29553,1.83883,-1,1,G,T,True,False
147115,351933502,3.10137,12.700326233340975,10.9729,2.09738,1,-1,G,T,True,False
147115,352069395,3.08089,10.444212215412133,6.15584,4.29722,-1,1,G,G,True,True
147115,352465608,3.11685,15.45677060995925,9.3872,6.07002,1,-1,G,G,True,True
147115,352745729,3.0279,11.287556945898434,8.35554,3.31338,1,-1,G,G,True,True
147115,353201290,3.10584,16.80701641797449,9.76552,7.25331,1,-1,G,G,True,True
147115,353206732,2.90978,2.3834775362441007,1.99255,1.48993,-1,1,G,T,True,False
147115,353411399,2.91915,7.499678992896963,4.62175,3.41957,1,-1,G,G,True,True
147115,354388318,3.54375,13.68993488080294,8.62744,5.47794,-1,1,G,T,True,False
147115,354594969,3.09321,10.94233823548098,5.99367,5.33454,-1,1,G,G,True,True
147115,354684757,3.04401,0.755751233409513,1.86833,1.20512,1,-1,G,T,True,False
147115,354754688,3.10794,9.128150840055175,5.35051,4.20235,-1,1,G,G,True,True
147115,355527849,3.11253,13.302708623143483,12.6871,0.918124,-1,1,G,T,True,False
147115,356047573,3.09188,9.76946509371419,5.6753,4.55977,1,-1,G,G,True,True
147115,356183631,2.74377,7.042355802416121,4.0585,3.30089,-1,1,G,G,True,True
147115,356250582,2.98902,15.212942326421572,13.1493,2.35165,-1,1,G,T,True,False
147115,366576492,3.0944,8.366662300336317,4.71778,3.81087,-1,1,G,G,True,True
147115,366635655,3.30885,7.72203431361199,4.73563,3.15761,1,-1,G,G,True,True
147115,367068806,3.15391,11.07777182970023,6.44549,4.6344,1,-1,G,G,True,True
147115,367233423,3.0589,14.757817083195063,10.5756,4.45315,-1,1,G,T,True,False
147115,368090764,2.668,9.674016020899698,5.07611,4.93791,1,-1,G,T,True,False
147115,368149570,3.0844,11.279426148404005,6.7757,4.89178,1,-1,G,G,True,True
147115,368173720,2.84123,7.970561938848791,6.9697,1.43457,1,-1,G,T,True,False
147115,368212958,2.75973,15.624849602143376,12.3139,3.4249,-1,1,G,T,True,False
147115,368740376,2.93668,14.217577225992457,13.6098,0.899085,-1,1,G,T,True,False
147115,369747328,3.17394,11.596641088323809,8.21485,3.38961,1,-1,G,G,True,True
147115,369797794,3.10299,14.27433934536026,10.3901,3.99195,-1,1,G,G,True,True
147115,370282356,2.6062,10.3756382612541,5.48595,5.09085,1,-1,G,G,True,True
147115,370312320,3.49537,10.665193486302252,9.35822,1.73628,1,-1,G,T,True,False
147115,370314366,3.48101,6.840754489411237,3.95302,3.61077,1,-1,G,G,True,True
147115,370835095,3.08272,8.584515577852951,4.59667,4.46243,-1,1,G,G,True,True
147222,41616794,3.22787,13.63712961886038,9.55918,4.26719,1,-1,G,T,True,False
147222,41751625,2.64453,10.403615150749282,6.01487,4.62247,1,-1,G,G,True,True
147222,41988700,2.6555,13.483380750681224,8.17217,5.52065,1,-1,G,G,True,True
147222,42212579,3.09154,14.241766938108487,11.1166,3.44239,-1,1,G,G,True,True
147222,42390524,3.2966,12.058603048943935,9.07657,3.41976,-1,1,G,T,True,False
147222,42610456,3.01973,4.6213463276517155,3.21556,2.20732,-1,1,G,T,True,False
147222,42858653,2.61032,23.88453713558253,17.033,6.97367,1,-1,G,G,True,True
147222,131695685,2.76568,6.019135582354746,3.42398,3.13725,1,-1,G,G,True,True
147222,131990533,3.14442,22.76723199532389,14.4221,8.53222,-1,1,G,G,True,True
147222,132190175,3.11796,13.898306976466682,10.3103,3.73127,-1,1,G,G,True,True
147222,132557566,3.15135,9.53094719169611,6.93362,3.1008,1,-1,G,G,True,True
147222,132688333,2.65604,7.457614922687883,6.99758,0.817048,1,-1,G,T,True,False
147222,132972560,3.10268,8.907151959908397,5.55916,3.72381,-1,1,G,G,True,True
147222,133107206,2.71109,6.128354179055663,5.09987,1.44364,1,-1,G,T,True,False
147222,133151796,3.50153,9.29587957011363,5.01577,4.59964,-1,1,G,G,True,True
147222,133192405,3.09364,10.49140740897998,6.40836,4.19449,1,-1,G,G,True,True
147222,133203522,2.82741,9.2302037767857,5.66613,3.87675,-1,1,G,G,True,True
147390,17520341,3.05781,9.637823743381283,5.25334,4.70096,-1,1,G,G,True,True
147390,17545503,3.11787,7.525697536182876,4.17774,3.62106,-1,1,G,G,True,True
147390,17596933,3.13098,12.48336429002138,6.28295,6.26881,1,-1,G,G,True,True
147390,17673042,3.06156,7.095891027806163,4.1149,3.48072,-1,1,G,G,True,True
147390,17915170,3.05757,9.025050801242061,5.31074,3.92447,-1,1,G,G,True,True
147390,18126088,2.79642,10.700491777147441,7.00373,3.75059,1,-1,G,G,True,True
147390,18192935,3.08642,14.651846525883329,10.1142,4.81341,1,-1,G,G,True,True
147390,18246182,2.60226,5.945828041566035,5.15917,1.27882,-1,1,G,T,True,False
147390,18258759,2.94398,7.249329756012552,6.41652,1.35053,-1,1,G,T,True,False
147390,18341782,3.15317,7.162781999676132,4.39299,3.00765,1,-1,G,G,True,True
147390,194862597,3.11303,6.906636229816654,4.00667,3.51487,-1,1,G,G,True,True
147390,195187155,3.06195,13.37264469808605,7.46397,5.91605,1,-1,G,G,True,True
147390,195188867,3.03069,20.39346575766307,19.0975,1.43083,1,-1,G,T,True,False
147390,195345971,3.11743,18.626793544324798,12.5862,6.1179,1,-1,G,G,True,True
147390,195423602,2.82077,19.386855854534534,12.7468,6.8268,1,-1,G,T,True,False
147390,195515333,3.09972,15.140571833282916,9.23279,5.91488,-1,1,G,G,True,True
147390,195758064,2.96079,7.9828157849585875,6.52395,1.87824,1,-1,G,T,True,False
147390,195761629,3.06652,8.180432782783317,7.18281,1.43371,1,-1,G,T,True,False
147390,195825178,2.99141,11.986556650535634,9.60734,2.56092,1,-1,G,T,True,False
147390,196337496,3.14526,6.258670060576447,3.81613,3.10118,1,-1,G,G,True,True
147390,196402427,3.13453,7.9363986239603665,4.33296,3.76407,1,-1,G,G,True,True
147390,196453774,3.05956,11.32761801241991,7.43762,4.24955,1,-1,G,G,True,True
147390,248858308,2.79632,4.160136301363814,3.63735,1.36482,1,-1,G,T,True,False
147390,248911700,3.12179,8.42370071284587,4.67267,4.16824,-1,1,G,G,True,True
147390,248922738,3.13679,9.240739256459085,5.11437,4.24288,1,-1,G,G,True,True
147390,248939895,3.09387,6.137468385031487,3.52051,3.07471,-1,1,G,G,True,True
147390,248943302,3.15032,7.921895993163505,4.26161,3.82491,1,-1,G,G,True,True
147390,249399971,3.0561,7.534969341516924,4.09098,3.47864,1,-1,G,G,True,True
147390,249764433,3.04814,10.49622132876875,5.60144,5.19931,1,-1,G,G,True,True
147390,249891313,3.09583,8.739125923822188,4.89131,3.92619,-1,1,G,G,True,True
147390,249971539,2.89785,9.407655247418242,5.04612,4.4525,1,-1,G,G,True,True
147390,250017084,3.01558,7.830297995242833,5.11355,3.18173,-1,1,G,G,True,True
147390,250051023,3.12596,12.879197718184935,9.5528,3.69818,1,-1,G,G,True,True
147390,250175131,3.01076,9.371746690785876,9.12533,0.705098,1,-1,G,T,True,False
147390,250239073,3.16412,8.967979597251823,5.20566,4.09783,1,-1,G,G,True,True
147390,250293844,3.08817,12.247054840723951,8.29769,3.96226,1,-1,G,G,True,True
147390,250341800,3.51274,11.818918262992643,8.61114,3.23102,1,-1,G,G,True,True
147390,250385717,3.06373,5.106895642648282,3.02789,2.82734,1,-1,G,T,True,False
147390,250403128,3.09393,8.18360760642982,5.04334,3.58527,-1,1,G,G,True,True
147390,250441375,3.09417,7.300472004884341,3.85792,3.82104,1,-1,G,G,True,True
147390,250815212,3.06215,6.875391459822488,3.67678,3.27434,-1,1,G,G,True,True
147390,295731181,3.06484,14.664265375957298,9.46893,5.36127,1,-1,G,G,True,True
147390,295943378,3.57246,24.456648776093587,20.6628,3.9572,1,-1,G,T,True,False
147390,296224170,3.03866,7.702208177139852,4.39822,3.80074,1,-1,G,G,True,True
147390,296252088,3.12122,11.160149697642948,8.06818,3.45221,1,-1,G,G,True,True
147390,296762691,3.11056,10.816988523632629,5.9977,4.83711,-1,1,G,G,True,True
147390,296928608,3.12412,8.929532141979445,4.7634,4.67657,-1,1,G,G,True,True
147390,296945604,3.09909,10.418941374461276,5.61633,4.85121,-1,1,G,G,True,True
147390,296984204,3.10313,10.31488307956033,9.03548,1.7274,-1,1,G,T,True,False
147390,297025179,3.10494,2.289222032630736,1.7109,1.64898,1,-1,G,T,True,False
147390,297228319,3.19866,18.946533425880315,15.1551,4.02788,1,-1,G,T,True,False
147454,32343410,3.11743,9.483511170541266,7.12579,2.69507,-1,1,G,T,True,False
147454,32343868,2.83388,10.437760255212801,6.85639,3.95642,-1,1,G,T,True,False
147454,32442408,2.88886,6.645058022716506,5.74006,1.30384,-1,1,G,T,True,False
147454,32443823,3.04214,9.534309557304082,5.35002,4.18798,-1,1,G,G,True,True
147454,32679373,3.19114,12.517831856663518,9.32859,3.19827,-1,1,G,G,True,True
147757,178820374,3.09328,8.900023210497825,5.1345,4.28219,1,-1,G,G,True,True
147757,178999615,3.29937,21.694170858323762,11.0025,10.7092,-1,1,G,G,True,True
147757,179124698,3.09143,6.599289114509531,4.13605,3.12833,1,-1,G,G,True,True
147757,179259440,3.19911,7.737190405233737,7.23272,1.11991,-1,1,G,T,True,False
147757,179281701,3.07527,6.955149093955068,6.67263,0.923358,1,-1,G,T,True,False
147757,179313681,3.45826,5.738276030116259,3.49886,3.16083,1,-1,G,G,True,True
147757,179352068,3.06146,8.90138866398384,4.79706,4.32204,1,-1,G,G,True,True
147757,179393726,3.12978,13.62729041951099,12.0943,1.54943,1,-1,G,G,True,True
147757,179416496,3.11928,8.824868367823738,5.48698,3.68906,-1,1,G,G,True,True
147757,179476392,3.4843,8.764017334855744,7.93608,1.433,-1,1,G,T,True,False
147757,179807372,3.1012,11.80533513925924,7.23636,4.69534,1,-1,G,G,True,True
147757,179900759,3.07272,8.92362710073656,5.62852,3.7833,-1,1,G,G,True,True
147757,180044247,3.54916,11.954288518532755,10.8931,1.56975,-1,1,G,T,True,False
147926,110858876,3.24426,22.732151347395693,21.3512,1.6059,1,-1,G,T,True,False
147926,111083132,3.07117,5.817405953146127,3.35758,3.2156,-1,1,G,T,True,False
147926,111448862,3.04325,9.501866542133131,6.17938,3.53053,-1,1,G,G,True,True
147926,111485575,3.23277,8.004400695554665,4.63835,3.98397,1,-1,G,G,True,True
147926,111526032,3.10757,7.681352512676398,4.75127,3.27013,-1,1,G,G,True,True
147926,111555893,2.73495,13.39118625934988,11.0536,2.48295,-1,1,G,T,True,False
147926,243387730,3.06151,12.945551700271409,7.93875,5.02918,-1,1,G,G,True,True
147926,243480907,3.51891,12.263102771777989,11.0637,1.68989,1,-1,G,T,True,False
147926,243882341,3.05343,14.274232417058368,8.15529,6.1361,1,-1,G,G,True,True
147926,243897232,3.4437,13.04252976634518,8.32803,4.91256,1,-1,G,G,True,True
147926,243935595,3.09639,10.198418211394353,6.61146,3.59241,-1,1,G,G,True,True
147926,244136127,3.08755,9.76821716830661,5.2858,4.58272,-1,1,G,G,True,True
147926,244326113,2.8335,4.0618830168222475,3.536,1.29714,-1,1,G,T,True,False
147926,244382255,3.07951,11.32271855195562,6.16688,5.16281,-1,1,G,G,True,True
147926,244499574,3.03234,10.338147161429896,9.79225,0.851927,1,-1,G,T,True,False
147926,244681878,3.526,5.452193324543436,3.3025,3.15264,-1,1,G,G,True,True
147926,244789448,3.05719,11.811233596441143,7.67202,4.14154,1,-1,G,G,True,True
147926,244850755,2.60529,9.250694392545006,5.43911,3.88119,-1,1,G,G,True,True
147926,244928992,3.12484,16.415848343335778,10.7784,5.93079,1,-1,G,G,True,True
147926,244988087,3.08246,10.139563127973561,5.90144,4.44456,-1,1,G,G,True,True
147926,245112477,3.08612,14.154565594284412,8.61458,5.82357,1,-1,G,G,True,True
147926,245209977,2.80062,7.477220809339256,6.44028,1.42369,1,-1,G,T,True,False
147926,245457860,3.11573,6.127535802890098,3.71068,3.07698,1,-1,G,G,True,True
147926,280628576,3.03221,5.868036904468137,3.31285,3.1167,-1,1,G,G,True,True
147926,280962728,3.08341,13.365753263681961,12.0057,1.36006,1,-1,G,T,True,False
147926,281061554,3.03225,8.202175565281445,5.26389,3.47434,-1,1,G,G,True,True
147926,281393937,2.87415,5.510169168904073,3.75911,2.24762,-1,1,G,T,True,False
147926,281464888,3.35648,10.18614934470141,6.74926,3.69737,-1,1,G,T,True,False
147926,281510281,2.99034,7.7434654537568,4.00603,3.74233,-1,1,G,G,True,True
147926,281564493,2.6229,9.591987711111083,9.0683,0.868068,1,-1,G,T,True,False
147926,281751187,3.15106,16.16435760072141,10.9979,5.46065,1,-1,G,G,True,True
147926,281776459,3.11283,12.734132552440506,9.3604,3.57026,-1,1,G,G,True,True
147926,281873862,3.07331,3.2176739600806354,3.41503,1.02647,-1,1,G,T,True,False
147926,282077697,3.15651,7.866996830423665,6.60761,1.62058,-1,1,G,T,True,False
147926,282552271,3.0011,4.531785619395956,2.98009,2.14818,1,-1,G,T,True,False
147926,283056890,3.11181,11.28725813813523,6.15135,5.15103,1,-1,G,G,True,True
147926,283070169,3.4154,10.605904769108575,9.10701,2.01586,1,-1,G,T,True,False
147926,354809198,3.57987,16.342649844104383,15.6486,0.910321,-1,1,G,T,True,False
147926,354829500,3.11995,8.026967276188437,5.16828,3.43542,1,-1,G,G,True,True
147926,355347964,3.09327,7.3373209128400525,3.77297,3.61638,-1,1,G,G,True,True
147926,355378460,3.26498,10.444818417976446,7.88235,3.04852,-1,1,G,T,True,False
147926,355399402,3.55559,10.08440812815115,9.00854,1.36,1,-1,G,T,True,False
147926,355877888,3.21289,5.412078245267062,5.0593,1.19202,-1,1,G,T,True,False
147926,356022899,3.0567,4.887109332937928,3.53166,1.80277,1,-1,G,G,True,True
147926,356122551,2.6754,2.6493684541052422,2.08971,1.62449,1,-1,G,T,True,False
147926,356490317,3.05147,6.972546323250639,4.20222,3.29407,1,-1,G,G,True,True
147926,356549113,2.66122,9.731385784340327,5.04453,5.04195,1,-1,G,G,True,True
147926,357099107,2.90532,13.25387619077906,9.01928,4.37677,1,-1,G,G,True,True
147926,357158022,3.01211,4.478646057497847,4.10253,1.20394,1,-1,G,T,True,False
147927,145139879,3.08737,16.864218067903415,13.0932,4.01048,1,-1,G,G,True,True
147927,145282000,2.89633,15.873579591207523,15.1487,0.903399,-1,1,G,T,True,False
147927,145337211,3.05138,11.625797788216515,7.76239,4.17473,-1,1,G,G,True,True
147927,145608908,3.05765,7.443313902536961,4.40192,3.60959,1,-1,G,G,True,True
147927,145653703,3.13019,12.250396442340142,7.5633,5.05359,-1,1,G,G,True,True
147927,145859209,3.056,9.141405711794878,5.05674,4.5738,1,-1,G,G,True,True
147927,145883743,3.07379,7.215519362047406,4.05385,3.6619,-1,1,G,G,True,True
147927,145945062,2.70449,13.653599130200067,9.99045,3.92624,1,-1,G,T,True,False
147927,145998317,3.32523,11.216627497154438,10.4664,1.22621,-1,1,G,T,True,False
147927,146033844,3.059,19.252567114076527,16.2222,3.23646,-1,1,G,G,True,True
147927,146051768,3.11256,7.666308085017259,4.05071,3.76006,1,-1,G,G,True,True
147927,146076005,3.05412,14.769055481241852,7.92073,7.13556,1,-1,G,G,True,True
147927,146418903,2.93431,5.462956770631176,5.32192,0.840862,-1,1,G,T,True,False
147927,146432585,3.05908,8.405320888401585,4.98733,3.95112,1,-1,G,G,True,True
147927,146465092,3.09406,12.575475332034173,8.47187,4.46882,1,-1,G,G,True,True
147927,146474930,2.65768,6.23684841798973,5.24359,1.4057,1,-1,G,T,True,False
147927,146484386,3.26081,9.906629219800243,6.00634,4.31889,-1,1,G,G,True,True
147927,146565330,3.2208,11.699822887541675,9.07221,2.92525,1,-1,G,T,True,False
147927,146726053,3.10908,7.81088658625895,4.33654,3.82099,1,-1,G,G,True,True
147927,146794187,3.10992,6.814269781311861,4.10209,3.31027,1,-1,G,G,True,True
147927,146815227,3.07704,9.160249945629213,5.58529,3.61417,-1,1,G,G,True,True
147927,147009073,2.72082,4.572774400208696,3.36971,1.9393,-1,1,G,T,True,False
147927,147223121,3.064,15.76981605171411,9.2438,6.8035,-1,1,G,G,True,True
147927,147383916,3.08932,9.122438950487089,4.97122,4.35316,1,-1,G,G,True,True
147927,147574578,3.11033,4.509211952490257,3.92005,1.44454,-1,1,G,T,True,False
147927,147782928,3.08562,12.360508351301739,9.12668,3.59427,-1,1,G,T,True,False
147927,147824244,2.66067,0.6290395347092343,1.44159,1.28421,1,-1,G,G,True,True
147927,148131915,3.09487,8.327363295935875,5.06009,3.2889,1,-1,G,G,True,True
147927,148214677,2.79049,11.878564328006183,8.72365,3.39239,-1,1,G,G,True,True
147927,148270070,3.10449,17.75619839747799,10.8592,6.98803,-1,1,G,G,True,True
147927,148443077,3.44726,9.059756192665672,8.75882,0.843155,1,-1,G,T,True,False
147927,148446516,3.05828,8.657354527579427,4.55439,4.31402,-1,1,G,G,True,True
147927,148625828,2.61104,28.48395050465086,20.7924,7.69713,1,-1,G,G,True,True
147927,149004917,3.15209,12.272297521576839,7.9426,4.63913,-1,1,G,G,True,True
147927,151207367,2.83828,11.239293589732808,8.93573,2.37919,-1,1,G,T,True,False
147927,151226583,3.15229,9.833034349750895,9.49308,0.825394,1,-1,G,T,True,False
147927,151859374,3.10909,23.56717738493942,13.2872,10.4655,1,-1,G,G,True,True
147927,151967596,3.13551,8.323446318696902,6.13672,2.70323,-1,1,G,T,True,False
147927,152133834,3.18262,6.372453279533794,3.96481,2.60896,1,-1,G,G,True,True
147927,152237685,3.04113,10.335015103975417,5.36872,5.35093,1,-1,G,G,True,True
147927,152346513,3.14877,12.812352927362873,8.19207,4.70933,1,-1,G,G,True,True
147927,152507915,3.01902,20.045079537292935,15.2004,4.87415,-1,1,G,G,True,True
147927,152720232,3.03713,4.85472871273805,3.95342,1.64684,1,-1,G,T,True,False
147927,152975568,2.6623,5.778905588373027,3.9803,2.15996,1,-1,G,T,True,False
147927,153035977,3.12798,12.043266759422046,8.69279,3.73643,-1,1,G,T,True,False
147927,153192482,3.04463,14.161551872802535,13.6063,0.866059,1,-1,G,T,True,False
147929,474152422,2.88751,5.614625364287452,3.17794,3.12752,-1,1,G,G,True,True
147929,474350717,3.54505,10.227044833230176,5.38279,5.28251,-1,1,G,G,True,True
147929,474757535,3.50542,6.523453206400733,5.64653,1.74123,1,-1,G,T,True,False
147929,474834263,3.12952,11.585403752295385,6.01256,5.66728,1,-1,G,G,True,True
147929,474918676,3.17728,8.929285729712149,5.50572,3.60165,1,-1,G,G,True,True
147929,474965810,3.17239,6.832800292332566,4.0624,3.05912,1,-1,G,T,True,False
147929,475219170,2.94326,9.250406101676024,5.64355,3.8029,1,-1,G,G,True,True
147929,475581883,3.10016,10.049111251100767,6.8978,3.18125,1,-1,G,G,True,True
148029,6768577,2.72586,15.618153484312062,13.6215,2.17664,1,-1,G,T,True,False
148029,6972509,2.77095,13.758201398056396,11.9645,1.9591,1,-1,G,T,True,False
148029,7092617,3.00022,6.480146322499206,3.58742,3.49348,1,-1,G,G,True,True
148029,7107951,3.15418,10.673291225668022,10.0045,1.05232,-1,1,G,T,True,False
148029,7162202,3.12864,8.632407494903667,4.79393,3.98433,1,-1,G,G,True,True
148029,7275101,3.14466,9.121050860355949,6.38964,3.07836,-1,1,G,G,True,True
148029,7388106,2.67648,2.3042566132555633,2.26282,1.2616,1,-1,G,G,True,True
148029,7829763,3.30008,5.33468788034108,4.60544,1.55465,1,-1,G,T,True,False
148029,7845226,3.09221,15.363299028219819,9.64286,6.0247,-1,1,G,G,True,True
148029,7979908,3.43588,10.325642793192538,10.0575,0.780839,-1,1,G,T,True,False
148029,7995946,3.11455,11.71731521631982,8.84088,3.28094,1,-1,G,G,True,True
148029,8152484,3.06588,7.24189250782066,4.2044,3.64649,-1,1,G,G,True,True
148029,8171347,2.64295,11.180992954450378,10.3003,1.07688,-1,1,G,T,True,False
148029,8290491,3.14791,10.697703011575008,5.69826,5.25914,-1,1,G,G,True,True
148029,8349660,3.08076,7.52369245532571,4.15342,3.94758,-1,1,G,T,True,False
148029,8424174,3.27671,11.789055275336908,10.5808,1.65109,1,-1,G,T,True,False
148029,8482118,3.0738,8.574401063473763,5.71161,3.38845,-1,1,G,G,True,True
148029,8511173,2.64492,6.64779113849104,4.94512,1.99055,-1,1,G,T,True,False
148031,169697100,3.08969,12.30668468583233,8.1847,4.24125,-1,1,G,G,True,True
148031,169737325,2.64926,3.6126586795577578,3.2071,1.21669,-1,1,G,T,True,False
148031,169800855,3.24708,13.06572602852593,9.09756,4.34695,1,-1,G,T,True,False
148031,169984205,3.57873,3.2604483571187894,2.34521,2.09707,1,-1,G,T,True,False
148031,170089520,3.14305,8.827290461789506,5.20446,3.81522,-1,1,G,G,True,True
148031,170112839,2.75395,18.636992762165253,9.93295,8.70605,-1,1,G,T,True,False
148031,170151697,3.14445,11.103769007688335,6.67099,4.46326,1,-1,G,G,True,True
148031,170359148,3.12791,7.9615780180821565,4.76051,3.78611,1,-1,G,G,True,True
148031,170375196,2.67659,8.34220205261177,4.67511,3.87741,1,-1,G,G,True,True
148031,170491437,3.09986,13.074361848583662,8.23876,5.18105,1,-1,G,G,True,True
148031,170528686,3.14845,12.505382795340132,8.3918,4.48075,1,-1,G,G,True,True
148031,170537208,3.5149,2.111273996532425,3.07751,1.00125,-1,1,G,T,True,False
148031,170716647,3.08197,13.099660757397498,8.14772,5.06384,1,-1,G,G,True,True
148031,170820230,2.93618,8.714183493749085,4.59827,4.293,-1,1,G,G,True,True
148031,170918559,3.23766,12.886087555136507,11.8451,1.38556,-1,1,G,T,True,False
148031,171260312,3.08698,8.770217085716636,4.83386,4.45824,1,-1,G,G,True,True
148058,49704402,3.11457,10.599787241496877,7.13384,3.62701,1,-1,G,G,True,True
148058,49780662,3.10368,10.17593626357968,6.87817,3.67647,1,-1,G,G,True,True
148058,49877495,2.91296,14.939138799514314,14.307,0.892062,1,-1,G,T,True,False
148058,50021802,3.11833,10.295895788067252,6.01218,4.68292,-1,1,G,G,True,True
148058,50312420,3.45998,5.934123728248679,4.72873,1.86916,-1,1,G,T,True,False
148058,50766130,3.36949,10.038221495936341,9.75724,0.796653,-1,1,G,T,True,False
148058,50834863,3.38546,4.98333173466146,3.56741,2.38764,1,-1,G,T,True,False
148058,50847486,2.86641,10.991022184607809,9.70187,1.63923,1,-1,G,T,True,False
148058,50963300,3.16585,7.602562094327149,4.26922,3.86998,1,-1,G,G,True,True
148058,51013083,3.0925,10.11989468764374,5.18504,4.96032,-1,1,G,G,True,True
148058,51030434,3.07688,7.15020785556568,3.84866,3.52252,-1,1,G,G,True,True
148058,51031081,3.34224,14.460968556512944,13.3617,1.37513,1,-1,G,T,True,False
148058,51210198,2.71466,8.495316454252956,4.88073,4.03451,1,-1,G,G,True,True
148058,51366483,3.07692,6.335993119561921,3.9074,3.04639,1,-1,G,G,True,True
148058,53514068,2.80092,6.00058963066739,5.76259,0.790709,-1,1,G,T,True,False
148058,53717144,3.12013,7.876380169865088,4.63961,3.82883,1,-1,G,G,True,True
148058,53866909,2.82739,11.169694993584203,6.27792,5.0183,1,-1,G,G,True,True
148058,53988121,3.09836,6.830604875150077,4.14949,3.34741,-1,1,G,T,True,False
148058,54005505,3.10211,17.700700168323852,13.5098,4.20189,-1,1,G,G,True,True
148058,54405785,3.11418,5.739761293345221,3.48011,2.96284,1,-1,G,G,True,True
148058,54449361,3.06765,11.185627454877086,6.57138,4.61794,-1,1,G,G,True,True
148058,54450507,3.11352,9.341188277858443,5.03205,4.65586,1,-1,G,G,True,True
148058,54726152,3.04309,15.833265510647639,13.9591,1.87489,1,-1,G,G,True,True
148058,55036580,2.69933,5.834575898809099,5.18569,1.1982,-1,1,G,T,True,False
148058,55051304,3.14856,18.91691699731024,9.6655,9.25709,-1,1,G,G,True,True
148058,58915133,3.13485,6.0317352042761305,3.67082,3.1216,-1,1,G,G,True,True
148058,59252910,3.10259,17.489807653118458,12.4454,5.12482,1,-1,G,G,True,True
148058,59344378,3.49299,13.926858192310462,11.5625,2.65047,1,-1,G,T,True,False
148058,59474210,3.28688,9.638146342250101,5.44093,4.69063,1,-1,G,G,True,True
148058,59625311,2.81779,6.673422992341798,5.4535,1.53887,-1,1,G,G,True,True
148058,59884374,3.11826,7.948675975773828,5.19048,3.21295,1,-1,G,G,True,True
148058,60559582,2.87269,9.6767212746932,6.71748,3.03791,1,-1,G,G,True,True
148058,60623112,3.24417,7.670301106377767,4.32921,3.41033,1,-1,G,G,True,True
148058,60690695,3.08366,9.36969355064508,5.34888,4.48248,1,-1,G,G,True,True
148058,64691883,3.06759,6.487666565568856,3.452,3.37939,-1,1,G,G,True,True
148058,64973961,3.23845,8.743743365163688,7.97075,1.34599,1,-1,G,T,True,False
148058,65083535,2.80948,11.835380009260538,6.06712,6.03042,1,-1,G,G,True,True
148058,65101591,2.92132,7.145935098123968,4.23485,3.38373,1,-1,G,G,True,True
148058,65136002,3.41906,11.447371231793788,7.3856,4.48023,1,-1,G,T,True,False
148058,65147308,3.59331,7.3174836120232625,6.51321,1.52816,1,-1,G,T,True,False
148058,65261661,3.22033,14.606968469802348,12.5414,2.41339,1,-1,G,T,True,False
148058,65301275,3.09568,8.851931350069542,5.77749,3.35063,-1,1,G,G,True,True
148058,65576503,2.7588,7.877473183443343,4.90693,3.36562,-1,1,G,G,True,True
148058,65642718,3.56021,2.547143270904878,2.85634,1.38448,-1,1,G,T,True,False
148058,66645723,3.11009,4.233476027288853,3.56145,1.67249,-1,1,G,G,True,True
148058,66681367,3.09642,10.777730203201415,5.84265,5.13899,1,-1,G,G,True,True
148058,66813418,3.07344,24.811562196026674,18.6571,6.18744,-1,1,G,G,True,True
148058,67039331,2.84856,13.157678957448992,12.0092,1.41013,1,-1,G,T,True,False
148058,67042549,2.68213,11.214044780612053,9.42881,1.93176,-1,1,G,T,True,False
148058,67237037,3.11514,4.277343323519986,3.64517,1.46695,-1,1,G,T,True,False
148058,67278630,3.03491,12.512733584045495,11.1174,1.39717,-1,1,G,T,True,False
148058,67294429,3.06752,11.25112779754212,9.62534,1.62585,1,-1,G,T,True,False
148058,67720385,2.91373,14.081991913077141,13.0788,1.13143,1,-1,G,T,True,False
148058,67943050,3.08011,11.997413789729851,6.74397,5.61723,1,-1,G,G,True,True
148058,68010436,3.05116,19.263386039793108,14.6455,4.74191,1,-1,G,G,True,True
148058,68496600,3.08465,10.140533833605605,5.52916,5.02383,1,-1,G,G,True,True
148058,68717578,3.16692,6.046339952147083,5.56609,1.15604,1,-1,G,T,True,False
148058,68790079,3.05359,10.406689778284736,6.45428,4.24272,-1,1,G,G,True,True
148058,68817418,3.18863,9.360450325480125,4.77281,4.5917,-1,1,G,G,True,True
148058,68893295,3.07537,18.429679011955145,12.1031,6.44211,1,-1,G,G,True,True
148058,69006484,3.1186,9.691737878444764,9.12521,0.944524,-1,1,G,T,True,False
148058,69124269,3.1223,6.45962672578687,3.82105,3.3457,1,-1,G,G,True,True
148058,69240224,3.58471,12.729330613430385,11.3045,1.89858,1,-1,G,T,True,False
148058,69308052,2.65765,19.85044713340546,18.7652,1.25376,1,-1,G,T,True,False
148058,69454801,3.08024,18.27285357899332,12.0901,6.43582,-1,1,G,G,True,True
148058,69506173,2.7519,16.17002899444834,9.8965,6.28788,1,-1,G,G,True,True
148058,69556010,3.15111,7.3475060400983,3.84238,3.56387,-1,1,G,G,True,True
148058,69834747,2.79651,13.709403191380726,10.1738,3.79003,-1,1,G,T,True,False
148058,69851882,2.60607,7.930311756330018,4.03166,3.99788,1,-1,G,G,True,True
148058,70011928,3.0669,20.768620240704482,17.4412,3.54676,-1,1,G,G,True,True
148058,70160565,2.68154,10.670120096777273,7.43072,3.56334,1,-1,G,T,True,False
148058,70240981,2.76032,6.221432417028171,5.1855,1.5971,1,-1,G,T,True,False
148058,70550825,3.13982,7.391944918896515,4.39921,3.3079,1,-1,G,G,True,True
148058,70609107,3.10568,8.597189815311745,4.48931,4.13096,1,-1,G,G,True,True
148058,70674508,3.12326,11.768920522127083,6.72154,5.39205,1,-1,G,G,True,True
148058,70748242,3.3171,9.499554526784348,9.14298,0.84951,1,-1,G,T,True,False
148058,70802457,3.05889,7.736437278031536,4.96946,3.25054,-1,1,G,G,True,True
148058,70810184,3.16325,11.078794303004395,10.5024,1.00358,-1,1,G,T,True,False
148058,70891882,2.82845,7.871579210714963,7.14215,1.07403,-1,1,G,T,True,False
148058,71126450,2.82433,8.08345905843043,4.30465,3.91865,1,-1,G,G,True,True
148058,71345277,3.07386,6.940472175525031,3.58832,3.58255,1,-1,G,T,True,False
148058,71537143,3.1149,10.68118704819834,5.86709,4.86795,-1,1,G,G,True,True
148058,71572494,3.46421,14.249686423669996,13.9188,0.735106,1,-1,G,T,True,False
148058,71664208,3.04194,9.70834202928394,9.01623,1.02882,1,-1,G,T,True,False
148058,71698811,3.09187,11.44957671903202,7.00906,4.82154,1,-1,G,G,True,True
148058,71704145,3.07426,6.843770866089031,3.70128,3.15054,-1,1,G,G,True,True
148058,81062385,2.74288,5.93664332267672,5.68548,0.778617,1,-1,G,T,True,False
148058,81102049,2.75186,12.034632886794013,10.77,1.52858,-1,1,G,T,True,False
148058,81267680,2.69683,6.168596179796665,5.74373,0.979912,1,-1,G,T,True,False
148058,81284481,3.12902,6.63552033249089,3.83219,3.45677,1,-1,G,G,True,True
148058,81363931,2.92546,7.836563054917633,5.75722,2.6038,-1,1,G,T,True,False
148058,81514569,3.10819,10.318719748138573,6.6416,4.04091,-1,1,G,G,True,True
148058,81556614,3.0165,5.177934684032235,3.69097,2.23524,-1,1,G,G,True,True
148058,81558488,2.60769,11.207886024295572,6.02114,5.21957,1,-1,G,G,True,True
148058,81747656,2.81323,5.479776074758987,5.13784,0.885215,1,-1,G,T,True,False
148058,81797299,3.11474,8.692842393613263,6.2202,2.77572,1,-1,G,G,True,True
148058,81877018,3.09815,18.066117276838984,15.513,2.7647,1,-1,G,G,True,True
148058,82123321,3.17066,9.484726891977438,5.27387,4.21102,1,-1,G,G,True,True
148058,82269784,2.92176,6.673082663101739,4.08963,3.17614,-1,1,G,G,True,True
148058,82553707,3.14064,8.062283101932108,5.19371,3.18471,-1,1,G,G,True,True
148058,82671446,3.08897,11.708614491155647,9.17555,2.54078,1,-1,G,G,True,True
148058,82740655,3.03825,11.053697518332996,6.16156,4.90664,-1,1,G,G,True,True
148058,88427484,3.12364,10.399764596595796,6.60105,4.214,1,-1,G,G,True,True
148058,88428849,3.12259,9.699613101366465,5.45254,4.27924,-1,1,G,T,True,False
148058,88517838,3.40078,23.03947864627366,15.7286,7.47987,1,-1,G,T,True,False
148058,88716083,3.12173,16.371129973248642,11.3475,5.0432,1,-1,G,G,True,True
148058,88746437,3.08757,16.76616028560207,8.41047,8.3603,1,-1,G,G,True,True
148058,89044332,3.21627,9.912579811160413,8.93646,1.47473,1,-1,G,T,True,False
148058,89144982,2.7327,11.536476168465871,10.3459,1.50186,1,-1,G,T,True,False
148058,89514194,3.05975,12.996297004012336,7.22364,6.05819,1,-1,G,G,True,True
148058,89545333,3.50174,12.572189410246928,11.0477,1.88143,1,-1,G,T,True,False
148058,89559509,3.04587,10.584207985036008,6.45568,4.17004,1,-1,G,G,True,True
148058,89590661,3.00984,8.39493018084302,7.79125,1.01055,-1,1,G,T,True,False
148058,90054441,3.43705,6.674809228839129,5.84244,0.957321,-1,1,G,T,True,False
148058,90099109,3.11832,13.092895033635607,7.64883,5.54854,1,-1,G,G,True,True
148058,90134862,3.14125,17.35579963301029,10.4749,6.88323,-1,1,G,G,True,True
148058,90276884,2.88997,13.113402060399265,12.6301,0.788703,1,-1,G,T,True,False
148058,95727565,3.07326,16.536372223011913,8.64461,7.97667,1,-1,G,G,True,True
148058,95762053,3.05725,13.065740923610113,9.61836,3.63255,1,-1,G,G,True,True
148058,95764510,2.61656,9.557583609868397,8.99044,0.897636,1,-1,G,T,True,False
148058,95898097,3.03328,6.740283546743416,4.03716,3.35096,1,-1,G,T,True,False
148058,95978968,3.54796,19.165804114328203,11.1726,8.09896,-1,1,G,G,True,True
148058,95981861,3.10137,7.132798413035378,3.82427,3.67926,-1,1,G,G,True,True
148058,96107019,3.06714,15.787756432094113,8.91611,7.11798,1,-1,G,G,True,True
148058,96230056,2.61971,13.287817192634954,12.4045,1.05253,1,-1,G,T,True,False
148058,96304767,2.89019,5.755749883751465,5.4306,0.997927,1,-1,G,T,True,False
148058,96772006,3.14344,22.46182168996985,13.152,9.34869,1,-1,G,G,True,True
148058,96778051,3.09097,8.449414582945968,5.77368,3.17277,1,-1,G,G,True,True
148058,96916175,3.07729,11.066585482961761,6.95434,4.41689,-1,1,G,G,True,True
148058,96931565,3.09639,9.001379251525623,5.47908,3.80929,1,-1,G,G,True,True
148058,97047564,2.6948,6.470652994462692,4.10176,2.73071,1,-1,G,T,True,False
148058,97070261,3.35226,13.894523910362278,13.192,1.05146,1,-1,G,T,True,False
148058,97158491,3.4363,12.041569831360363,11.746,0.714882,-1,1,G,T,True,False
148058,97385405,2.98781,4.929826483924155,3.75994,1.9399,-1,1,G,T,True,False
148058,97504124,3.52583,5.8952534386813396,5.28889,1.25588,-1,1,G,T,True,False
148058,97614432,3.57846,7.342064500243851,6.83723,1.32517,-1,1,G,T,True,False
148058,97706361,3.08617,12.123585018883647,8.41567,3.78868,1,-1,G,G,True,True
148058,97746333,3.14675,10.037232406853994,6.32235,3.76584,1,-1,G,G,True,True
148058,97778591,3.04933,7.957118202722641,4.41809,4.10036,1,-1,G,G,True,True
148058,97943728,3.06819,15.090851605080504,13.7983,1.44888,1,-1,G,T,True,False
148058,97948040,3.08335,9.445898308938927,5.2552,4.67851,1,-1,G,G,True,True
148058,97974702,2.92196,10.749484157871253,9.86296,1.27144,-1,1,G,T,True,False
148058,98051523,3.14164,12.694271401427022,12.1579,0.87517,1,-1,G,T,True,False
148058,98200148,3.04988,12.305024753185181,9.14084,3.53395,1,-1,G,G,True,True
148058,98280667,3.12793,10.733509307108697,9.43815,1.73802,-1,1,G,T,True,False
148058,98323441,3.05124,12.268072502707701,9.42956,2.83872,-1,1,G,G,True,True
148058,98345976,3.10173,16.90386953027324,12.4042,4.67271,-1,1,G,G,True,True
148058,98348158,3.10061,10.103298274410193,5.60299,4.81984,1,-1,G,G,True,True
148058,98532144,3.2378,7.984279948248307,4.86225,3.74923,-1,1,G,G,True,True
148058,98677423,2.9482,6.826056331525253,6.2428,1.17994,-1,1,G,T,True,False
148058,98910689,3.06691,14.092861528607312,9.49817,4.59495,1,-1,G,G,True,True
148058,99113710,3.08146,12.053101397137752,8.72559,3.62,1,-1,G,G,True,True
148058,99118726,3.10965,11.565726616312698,8.49055,3.48067,-1,1,G,T,True,False
148058,99463131,3.43635,12.972224872720023,11.5964,1.65025,-1,1,G,T,True,False
148058,99528574,3.18697,9.607086466484587,9.21192,0.873926,1,-1,G,T,True,False
148058,99634389,2.72861,3.984941061875947,2.86392,1.92888,1,-1,G,T,True,False
148058,99697917,3.09027,9.790220634377961,5.24139,5.018,1,-1,G,G,True,True
148058,99836216,3.05361,19.79655888135875,11.5567,8.35062,-1,1,G,G,True,True
148058,99917418,3.50509,12.835194683096942,10.7346,2.36915,1,-1,G,T,True,False
148058,99924593,3.07139,11.06750751662722,6.04462,5.02546,1,-1,G,G,True,True
148058,100265046,3.11491,11.732863992028715,10.7188,1.40817,-1,1,G,T,True,False
148058,100506775,3.38016,9.955892281250586,9.49881,0.888503,1,-1,G,T,True,False
148058,100533722,3.12803,6.982774294945247,4.36135,3.2041,-1,1,G,G,True,True
148058,100608268,3.12956,10.444526494987697,6.78502,4.063,-1,1,G,G,True,True
148058,100828036,2.98731,16.67996602296075,14.7825,1.92651,1,-1,G,T,True,False
148058,101008686,2.78502,3.2522094293026393,2.98279,1.27132,-1,1,G,T,True,False
148058,119778879,2.81735,5.980740774647904,3.31771,3.27072,-1,1,G,G,True,True
148058,119853239,3.07766,9.960878757745222,5.89004,4.47214,1,-1,G,G,True,True
148058,119874569,3.28025,7.127177937817723,5.1097,2.53846,-1,1,G,T,True,False
148058,119894417,2.70388,6.381454830722301,5.80577,0.951251,1,-1,G,T,True,False
148058,119995342,3.48403,10.093326549038082,9.5941,1.07727,1,-1,G,T,True,False
148058,120116871,3.58769,6.598802542487311,6.10023,0.899695,-1,1,G,T,True,False
148058,120595096,3.07632,8.814648308664617,6.24877,3.08293,1,-1,G,G,True,True
148058,120638013,3.08574,11.062551241305055,6.50068,4.74801,1,-1,G,G,True,True
148058,120748290,3.18054,10.15615251340728,9.35338,1.28418,-1,1,G,T,True,False
148058,120975904,3.12185,10.44533984271455,5.71342,4.80622,1,-1,G,G,True,True
148058,120989467,3.24365,7.3818161548497,4.07507,3.97443,-1,1,G,G,True,True
148058,121293740,2.60351,6.254776683624205,4.30068,2.17221,-1,1,G,T,True,False
148058,121305611,3.07024,9.893480138455274,5.42508,4.85949,1,-1,G,G,True,True
148058,121384243,3.12365,11.993167922300595,8.52772,3.47861,-1,1,G,G,True,True
148058,125114267,3.09084,8.88437752146992,5.57705,3.74686,-1,1,G,G,True,True
148058,125158531,3.07633,14.602555435607838,8.42382,6.49477,1,-1,G,G,True,True
148058,125255817,3.11139,18.428421662011644,11.4766,7.14759,1,-1,G,G,True,True
148058,125257360,3.1404,12.90413439210988,12.223,0.979212,-1,1,G,T,True,False
148058,125617745,3.05111,15.232524399392899,9.55832,5.96689,-1,1,G,G,True,True
148058,125766501,3.18454,7.673073930839974,4.56594,3.71809,1,-1,G,G,True,True
148058,125916704,2.61327,6.6397103363475125,3.81123,3.16547,1,-1,G,G,True,True
148058,125943943,2.94319,14.01723718347107,11.4534,2.81422,-1,1,G,T,True,False
148058,125949854,2.79893,12.959765121935083,6.97038,6.25466,-1,1,G,T,True,False
148058,126112325,2.6161,4.175205257636563,3.74139,1.1787,-1,1,G,T,True,False
148058,126115858,3.09674,9.398260961454517,5.18512,4.69076,1,-1,G,G,True,True
148058,126275673,3.07039,8.874322711536921,4.78994,4.46812,-1,1,G,G,True,True
148058,126590767,3.03496,6.225800233169146,3.59706,3.31585,1,-1,G,T,True,False
148058,126665351,3.10586,7.941141113380935,6.76357,1.73226,1,-1,G,T,True,False
148058,126690027,3.13051,5.628573598097479,3.22625,3.05563,-1,1,G,G,True,True
148058,126825719,2.86703,10.62944825253169,8.95493,1.81283,-1,1,G,T,True,False
148862,384225338,3.10692,9.60941955873928,5.93775,3.93958,1,-1,G,T,True,False
148862,384620154,3.04778,7.692743635293734,4.70842,3.17584,1,-1,G,G,True,True
148862,384671804,3.08447,27.309370659770902,22.2305,5.1885,-1,1,G,G,True,True
148862,384812236,2.99971,7.336413636137211,3.78311,3.66953,1,-1,G,G,True,True
148862,384912356,3.33202,12.42189815490326,10.3594,2.45108,-1,1,G,T,True,False
148862,384952351,2.8352,4.783557486664502,3.69061,1.78931,1,-1,G,T,True,False
148862,385013604,3.07843,6.827700572166371,3.79377,3.64253,1,-1,G,G,True,True
148862,385498991,3.08131,9.601985441728235,6.85234,3.08456,1,-1,G,G,True,True
148862,385641643,3.15381,9.042281534436096,5.59304,3.84254,1,-1,G,G,True,True
148862,385824961,3.0793,7.9578752723226325,4.81772,3.59249,-1,1,G,G,True,True
148862,385863844,3.11329,10.087839182759655,6.69992,3.42725,1,-1,G,G,True,True
148862,385887002,3.05845,17.333247964816056,14.8296,2.75078,1,-1,G,T,True,False
148862,385982439,3.06218,11.146760837884699,6.8843,4.67338,1,-1,G,G,True,True
148862,386017737,2.67896,10.475647797864339,6.72472,3.93317,1,-1,G,G,True,True
148862,386036205,2.69621,10.409924286684317,5.80055,4.66284,1,-1,G,G,True,True
148862,386045496,3.11173,13.715279410438024,9.47243,4.47138,-1,1,G,G,True,True
148862,386072311,3.39288,5.625672746049934,3.73925,2.44606,-1,1,G,T,True,False
148862,386139471,3.09402,9.339247690285337,4.86039,4.78041,1,-1,G,G,True,True
148862,386220333,3.09105,9.253046252267412,5.17736,4.57348,-1,1,G,G,True,True
148862,386277535,2.6008,11.822251333002358,6.64745,5.22525,-1,1,G,G,True,True
148862,386298070,3.10003,7.625386636453263,5.06434,3.07788,-1,1,G,G,True,True
148862,386417009,3.31694,8.239685333340649,4.98752,3.61754,1,-1,G,G,True,True
148862,386461120,3.03442,11.596725438970305,7.99141,3.90242,-1,1,G,G,True,True
148862,386557787,3.11672,6.838126952236264,3.81081,3.38828,-1,1,G,G,True,True
148862,386847980,3.09645,26.294654115992852,16.9228,9.38376,1,-1,G,G,True,True
148862,386895338,3.09264,6.998401021197914,3.91253,3.69565,-1,1,G,G,True,True
148862,386990028,3.07965,7.416109045024621,4.55005,3.29704,-1,1,G,G,True,True
148862,387073814,2.62991,5.770251042618596,4.05778,2.14893,1,-1,G,T,True,False
148862,457530607,3.06727,9.491187765675274,4.98901,4.64396,1,-1,G,T,True,False
148862,457563160,3.0397,10.18494602680839,5.73207,4.45572,1,-1,G,G,True,True
148862,457589569,3.01298,3.8752788626387145,3.02553,1.76231,-1,1,G,T,True,False
148862,457631596,2.73947,13.800196070614358,10.4119,3.54659,1,-1,G,G,True,True
148862,457649848,3.13719,7.356155950061757,4.46535,3.12129,-1,1,G,G,True,True
148862,457680841,3.11475,9.242181762901009,5.448,4.28884,-1,1,G,G,True,True
148862,457867305,3.35888,11.089644462560557,6.60072,4.81807,-1,1,G,G,True,True
148862,458017188,3.07768,10.61674378510191,5.53594,5.08087,1,-1,G,G,True,True
148862,458048927,3.10637,8.95836878148896,5.1646,4.30987,1,-1,G,G,True,True
148862,458152549,2.71822,8.729883083843447,4.82414,4.31558,1,-1,G,G,True,True
148862,458316128,3.34697,8.315580608538168,6.58603,2.32705,-1,1,G,T,True,False
148862,458430676,3.10637,29.07695493485176,22.752,6.36869,1,-1,G,G,True,True
148862,458475556,3.37753,3.2576198669734318,3.25641,1.36442,-1,1,G,T,True,False
148862,458633789,3.0872,7.102911729234709,4.00573,3.73487,-1,1,G,T,True,False
148862,458773682,3.05407,12.702313042478682,7.94242,4.76704,-1,1,G,G,True,True
148862,458787907,3.10042,16.382497942340784,11.3303,5.26375,1,-1,G,G,True,True
148862,458799246,3.42357,10.479821861332185,9.43934,1.3855,-1,1,G,T,True,False
148862,459176594,3.09315,12.549277013694295,7.2855,5.55027,1,-1,G,G,True,True
148862,459519974,3.10224,13.700117576710792,8.77949,4.94737,-1,1,G,G,True,True
148862,459541905,3.13234,7.001383441327864,3.79019,3.21289,-1,1,G,G,True,True
148862,459645191,2.89585,15.527895901791844,10.9679,4.72278,-1,1,G,G,True,True
148862,459691536,3.0152,15.761896687263118,14.4084,1.52189,-1,1,G,T,True,False
148862,459725610,2.99326,21.598696884381706,16.2151,5.50797,1,-1,G,G,True,True
148862,459740182,3.08977,9.788025550314016,5.58239,4.67942,-1,1,G,T,True,False
148862,459744174,2.87907,7.613314281153052,4.22483,3.53976,1,-1,G,G,True,True
148862,459817756,2.9989,11.434649452191398,10.2548,1.49344,1,-1,G,T,True,False
148862,459868255,3.09836,7.43478297938958,4.11303,3.68636,1,-1,G,T,True,False
148862,459969367,3.20194,12.412026087138717,11.5826,1.05433,-1,1,G,T,True,False
148862,460116832,3.03432,21.468663076181524,16.5133,5.08207,-1,1,G,G,True,True
148862,499124705,3.20621,12.646976483302403,10.9047,2.13437,1,-1,G,T,True,False
148862,499196784,3.06195,13.68219341580143,8.47497,5.53874,1,-1,G,G,True,True
148862,499205176,3.08324,7.693608249722623,4.49418,3.45472,1,-1,G,G,True,True
148862,499231419,3.06037,7.537852372217235,4.95182,3.06071,-1,1,G,T,True,False
148862,499423214,3.2377,10.34721039802516,6.821,3.79794,-1,1,G,G,True,True
148862,499491725,2.69108,6.794277657913727,5.45704,1.59747,1,-1,G,T,True,False
148862,499684800,3.08496,13.1365742868413,6.84826,6.29088,-1,1,G,G,True,True
148862,499723170,3.05871,6.225713057170319,3.8097,3.09821,1,-1,G,G,True,True
148862,500138472,3.09898,10.663427166238302,5.43101,5.24655,1,-1,G,G,True,True
148862,500294153,3.03405,8.654809627259285,4.84897,4.30957,1,-1,G,G,True,True
148862,500447519,2.79866,7.241461404269514,5.75074,1.71739,1,-1,G,T,True,False
148862,500702837,3.07315,7.367364886087301,4.19556,3.77862,1,-1,G,G,True,True
148862,500880283,3.46879,11.056826920758098,7.33385,4.25217,-1,1,G,G,True,True
148862,500906682,3.11311,13.225885783851881,10.1452,3.27625,-1,1,G,G,True,True
148862,500911347,3.55852,13.15421812104391,8.47023,5.15482,-1,1,G,T,True,False
148862,500920786,3.11233,7.569998480904736,3.82138,3.79146,1,-1,G,G,True,True
148862,501015597,3.03633,13.412434421942198,7.45383,6.1802,1,-1,G,G,True,True
148862,501156264,3.03244,10.999065277781563,6.57103,4.63452,1,-1,G,G,True,True
148862,501459628,3.07793,7.300767123923623,4.20355,3.55761,-1,1,G,G,True,True
148862,501577112,3.0604,17.70511631062897,9.92123,7.95249,-1,1,G,G,True,True
148862,501812764,3.06487,8.014735321556167,4.34475,4.04025,1,-1,G,G,True,True
148862,591473729,3.40949,8.309660225732518,4.84985,3.99602,1,-1,G,G,True,True
148862,591689406,3.08587,8.453538158960187,4.80401,4.10971,1,-1,G,G,True,True
148862,592003825,3.0872,5.322434987637237,3.08336,3.05077,-1,1,G,T,True,False
148862,592242938,2.79822,6.60033649623684,5.07934,2.05842,-1,1,G,T,True,False
148862,592321760,3.09986,7.09773234385462,3.72761,3.62176,-1,1,G,G,True,True
148862,592388133,3.07269,9.181519554899396,6.03102,3.25508,1,-1,G,G,True,True
148862,592593272,2.70043,5.446498398420768,3.88368,2.16147,1,-1,G,T,True,False
148862,592633600,3.38928,15.915080897695745,9.42653,6.50571,1,-1,G,G,True,True
148862,592664673,3.50573,16.85633541188606,15.3595,1.75055,1,-1,G,T,True,False
148862,592757780,2.67086,6.7378143046674275,3.65472,3.58785,1,-1,G,G,True,True
148862,592895786,3.49542,24.20086277083503,22.5981,1.67528,-1,1,G,T,True,False
148862,593033955,3.09246,22.425500694961084,14.4804,8.06637,1,-1,G,G,True,True
148862,593043042,3.4938,10.467055284701614,7.35696,3.14447,-1,1,G,G,True,True
148862,593092614,3.1323,8.863263865924337,4.61302,4.45561,-1,1,G,G,True,True
148862,593170516,3.05525,8.028900608074807,5.27684,3.26882,1,-1,G,G,True,True
148862,593318761,2.91018,10.35795280709639,8.43493,2.28198,-1,1,G,T,True,False
148862,593349671,3.12449,6.871190775924068,4.44867,3.0088,-1,1,G,G,True,True
148862,593376472,2.95533,8.88736929650265,8.48591,0.872625,1,-1,G,T,True,False
148862,593513506,2.85615,7.8150256945514895,4.85045,3.28585,-1,1,G,G,True,True
148862,593535327,3.06719,7.541564286340069,5.01803,3.12032,1,-1,G,G,True,True
148862,593629485,2.75704,7.690470751169918,4.37784,3.67142,-1,1,G,T,True,False
148862,593705823,3.06843,7.023521326919995,3.9853,3.67626,1,-1,G,G,True,True
148862,593809856,3.06167,13.764515852470076,8.34819,5.56698,1,-1,G,G,True,True
148862,757157485,3.10024,10.571385794221872,5.66696,5.27598,-1,1,G,G,True,True
148862,757182286,3.141,7.670852492526499,4.88491,3.11474,-1,1,G,G,True,True
148862,757215741,2.64133,12.18045076857585,6.28608,6.1258,-1,1,G,G,True,True
148862,757287057,3.14505,6.300795206653601,3.90443,3.12273,1,-1,G,T,True,False
148862,757396699,3.07646,24.807924289591423,17.1765,7.82033,1,-1,G,G,True,True
148862,757413726,3.13579,19.84309666734595,18.5398,1.39693,1,-1,G,T,True,False
148862,757446822,2.80917,3.776141500481146,2.73855,1.72777,1,-1,G,T,True,False
148862,757526098,3.00662,17.12581967094422,8.74606,8.55327,-1,1,G,G,True,True
148862,757691619,2.92627,6.817599814694025,6.52747,0.866883,1,-1,G,T,True,False
148862,757798631,3.07224,8.584432873566897,4.5677,4.50286,-1,1,G,G,True,True
148862,757813129,3.10505,12.315940291997034,6.89005,5.60013,1,-1,G,G,True,True
148862,757952668,3.12381,11.417726855972864,6.80144,4.62846,1,-1,G,G,True,True
148862,757984083,3.03451,7.869208894317142,5.05705,3.33055,-1,1,G,G,True,True
148862,758016078,2.86953,5.805332791566389,4.98878,1.48206,-1,1,G,T,True,False
148862,758038750,3.12176,8.012692767278676,5.44971,3.12273,1,-1,G,G,True,True
148862,758058535,3.04601,6.826427913821401,3.95175,3.47573,1,-1,G,G,True,True
148862,758081842,2.72333,11.071132751992634,5.87238,5.5222,-1,1,G,G,True,True
148862,758099866,3.09454,8.659048478608952,4.71971,4.43168,1,-1,G,G,True,True
148862,758143587,3.08975,8.451410319053265,4.84105,4.09214,1,-1,G,G,True,True
148862,758206947,2.62881,6.076630098632301,5.38955,1.17461,-1,1,G,T,True,False
148862,758209417,3.04232,5.893315577972133,3.33273,3.28709,-1,1,G,G,True,True
148862,758232790,2.63065,14.4832513162145,7.6297,7.08898,-1,1,G,T,True,False
148862,758274280,2.96214,15.90944456269533,13.4411,2.71925,-1,1,G,T,True,False
148862,758385595,3.07502,17.604336619870004,16.2615,1.40278,1,-1,G,T,True,False
148862,758445784,3.2704,8.895679178227308,8.37992,1.03875,-1,1,G,T,True,False
148862,758546540,2.65713,4.976484460147043,4.4997,1.11312,-1,1,G,T,True,False
148862,758589085,3.24302,17.665555234934594,16.058,1.84843,1,-1,G,T,True,False
148862,758704949,2.88527,6.326913910329822,5.60958,1.11123,1,-1,G,T,True,False
148862,758887396,3.12481,22.546011816607386,16.0745,6.63746,1,-1,G,G,True,True
148862,758928449,2.98134,4.953065456633901,3.34756,2.35669,-1,1,G,T,True,False
148862,759232148,3.139,6.4901048781125255,3.52824,3.36163,1,-1,G,T,True,False
148862,759250146,3.10545,9.47629968184312,5.23686,4.28332,1,-1,G,G,True,True
148862,759383989,3.17098,6.110587851726215,5.49015,1.3437,1,-1,G,T,True,False
148862,759464596,3.10184,6.248798078430763,3.32485,3.26757,-1,1,G,G,True,True
148862,759516656,3.17511,9.288334100090285,6.31995,3.25457,1,-1,G,G,True,True
148862,759621939,3.08331,15.182530537478296,13.6681,1.51609,1,-1,G,T,True,False
148862,759723391,3.57431,11.004084537267786,10.4133,1.12618,1,-1,G,T,True,False
148864,69761583,3.06336,9.312710607260863,6.17004,3.60155,1,-1,G,G,True,True
148864,69794245,3.10144,10.961178683568843,5.99222,5.01669,1,-1,G,G,True,True
148864,69815130,2.79967,3.803805645749004,2.23149,2.1773,-1,1,G,T,True,False
148864,69881565,3.16623,6.782359236466615,3.86342,3.52603,1,-1,G,G,True,True
148864,69952327,3.30766,9.64359490831609,5.86006,4.05914,-1,1,G,G,True,True
148864,69980792,2.90363,7.341290181178578,3.9676,3.82855,1,-1,G,G,True,True
148864,69991782,2.62817,8.54181636352509,8.01643,0.908261,-1,1,G,T,True,False
148864,70028574,2.63963,14.310108785831959,13.5176,1.02343,1,-1,G,T,True,False
148864,70133545,3.06155,6.711534158504223,3.82141,3.18168,-1,1,G,T,True,False
148864,70189165,3.1504,15.403401768242656,9.01973,6.49215,1,-1,G,G,True,True
148864,70225902,3.10052,6.7603545586895075,6.62343,0.7991,-1,1,G,T,True,False
148864,70263190,3.07607,8.005355641225442,4.83214,3.68153,-1,1,G,G,True,True
148864,70300320,3.03906,8.722127149916126,4.79569,4.41234,1,-1,G,G,True,True
148864,70305177,3.56443,9.775168158967087,5.58129,4.77686,-1,1,G,G,True,True
148864,70378153,3.14217,8.834899004131286,5.1435,3.99843,-1,1,G,G,True,True
148864,70482470,3.06452,7.503038421379968,4.517,2.98603,1,-1,G,G,True,True
148864,70503763,3.41108,11.796989540358844,11.0023,1.16443,1,-1,G,T,True,False
148864,70799830,3.08806,11.92873803124622,7.16937,4.85559,-1,1,G,G,True,True
148864,70874171,3.09328,7.481500401709272,4.0608,3.46432,-1,1,G,G,True,True
148864,71340281,3.10345,7.023156619005161,3.85784,3.80038,1,-1,G,T,True,False
148864,71348272,3.14644,9.50048430206587,5.5109,4.42497,1,-1,G,G,True,True
148864,71380200,3.01744,11.610769826797918,7.55965,4.05129,-1,1,G,G,True,True
148864,71522012,2.94184,6.635276393715638,3.91674,3.28049,-1,1,G,G,True,True
148864,71602849,2.68865,5.233752115570722,3.52272,2.2742,-1,1,G,T,True,False
148864,71747317,3.08191,10.62641915618333,7.68696,3.32901,1,-1,G,G,True,True
148864,71785835,3.1254,7.054320661960583,4.10636,3.50023,1,-1,G,G,True,True
148864,71856022,3.0842,7.747474360062381,5.1265,3.02108,1,-1,G,G,True,True
148864,72027115,3.58106,10.427913616917623,5.73948,5.27213,-1,1,G,G,True,True
148864,72054970,2.77863,5.942891870258536,5.6523,0.873992,-1,1,G,T,True,False
148864,72404259,3.22813,17.270552879097416,10.2212,7.34687,1,-1,G,G,True,True
148864,72482504,3.13992,8.117306222417632,5.11901,3.38765,1,-1,G,G,True,True
148864,72520875,3.06616,9.542877861117159,4.86418,4.82682,-1,1,G,G,True,True
148864,72870238,2.70476,7.319439255375783,4.17793,3.2015,-1,1,G,G,True,True
148864,72885119,3.09956,7.99730878513366,4.3612,3.68941,-1,1,G,G,True,True
148864,72912794,3.02554,14.286276169494835,12.6198,1.97724,-1,1,G,T,True,False
148864,73053746,3.06202,5.824029666304937,3.50113,3.07523,1,-1,G,G,True,True
148864,73100587,3.08764,15.343166215232795,11.3508,4.10018,-1,1,G,G,True,True
148864,73332627,3.08125,14.291531899485094,9.32276,5.07051,1,-1,G,G,True,True
148864,73662221,3.05699,8.913831079446144,5.00904,4.31068,1,-1,G,G,True,True
148864,73703819,2.6842,13.418705140306944,8.40476,5.22502,1,-1,G,G,True,True
148864,73707491,3.15166,15.081523915072376,13.0699,2.29112,1,-1,G,G,True,True
148864,73757412,3.11513,5.923320698068695,3.40415,3.24538,-1,1,G,G,True,True
148864,73907073,3.04617,6.4817651574425685,3.9611,3.10024,-1,1,G,G,True,True
148864,73983707,3.13817,9.276461830892206,5.77983,3.92743,1,-1,G,G,True,True
148864,74276745,3.07524,10.571914698033654,6.95312,3.68691,-1,1,G,G,True,True
148864,74563872,3.00467,2.75938207255516,2.07748,1.89446,-1,1,G,G,True,True
148864,74564713,3.48376,11.73254704905414,9.58736,2.515,-1,1,G,G,True,True
148864,74626815,3.08383,6.395160860551438,3.6935,3.13109,1,-1,G,G,True,True
148864,74659528,3.10526,6.377550659679937,3.75984,3.15308,1,-1,G,G,True,True
148864,74744582,3.23931,6.605279091737457,4.09084,3.04451,1,-1,G,G,True,True
148864,74840185,3.10072,5.606341362732116,3.22359,3.03439,1,-1,G,G,True,True
148864,74907554,3.07991,11.690049953601095,8.28894,3.54606,-1,1,G,G,True,True
148864,75099263,3.07169,8.237537382053267,4.48815,3.80547,1,-1,G,G,True,True
148864,75159382,2.75773,5.679482310943577,4.50284,1.79478,1,-1,G,T,True,False
148864,75380846,2.78359,14.093178373589119,8.18941,6.13717,1,-1,G,G,True,True
148864,75478795,2.80426,10.02829837243089,5.18764,4.87341,1,-1,G,G,True,True
148864,75644580,3.19247,10.391884708415505,5.87808,4.53008,1,-1,G,G,True,True
148864,75689306,3.06502,10.2222321824287,9.4057,1.04917,-1,1,G,T,True,False
148864,75705967,3.04856,7.035555993499661,4.22168,3.3962,-1,1,G,G,True,True
148864,75760675,3.1107,28.488728465935434,23.4023,5.18973,-1,1,G,G,True,True
148864,75777802,3.1347,12.121358443233497,11.3144,0.807915,-1,1,G,T,True,False
148864,75800043,3.07094,10.291614716070361,5.37115,5.19968,1,-1,G,G,True,True
148864,75975327,3.03903,6.385126884396347,3.53636,3.13763,-1,1,G,G,True,True
148864,76135455,3.16167,11.747219660855457,8.17553,3.59444,1,-1,G,G,True,True
148864,76150036,2.98703,10.54670977853667,7.66476,3.28936,1,-1,G,G,True,True
148864,76218440,3.11039,9.864105220447358,6.27258,3.95048,-1,1,G,G,True,True
148864,76251957,3.06868,9.149439958948307,5.44244,4.00171,1,-1,G,G,True,True
148864,76458516,2.65192,5.88882843963517,5.18599,1.22197,-1,1,G,T,True,False
148864,76525874,3.05945,9.617225890812588,4.86186,4.81436,1,-1,G,G,True,True
148864,76675788,3.11627,8.7765242425573,5.53157,3.50523,1,-1,G,G,True,True
148864,76742301,3.1379,11.02615543893954,7.62295,3.49189,1,-1,G,G,True,True
148864,76821296,3.10371,13.555936886713189,7.77614,5.9523,-1,1,G,G,True,True
148864,76899261,3.05807,6.818122806364594,3.55889,3.27856,1,-1,G,G,True,True
148864,76909835,3.36815,8.186153176285979,7.8778,0.861809,-1,1,G,T,True,False
148864,77012206,3.07572,6.594016124350925,4.22834,3.04394,-1,1,G,T,True,False
148864,77161458,3.07982,10.396739940967072,6.00876,4.8154,1,-1,G,G,True,True
148864,77186937,3.06962,10.767774124037254,7.78287,3.07374,1,-1,G,G,True,True
148864,77286008,2.6531,6.78162828801675,5.24246,2.03526,1,-1,G,T,True,False
148864,77408640,3.05893,8.091777588564828,4.68591,3.64923,-1,1,G,G,True,True
148864,77479527,3.10028,8.32620227989712,4.53223,3.9187,1,-1,G,G,True,True
148864,77700318,3.08884,11.27939135018375,8.52344,3.05418,-1,1,G,G,True,True
148864,78232742,3.08597,10.90233804902875,5.6013,5.59137,-1,1,G,G,True,True
148864,78250928,3.09415,9.379809109135909,6.73109,3.14322,-1,1,G,G,True,True
148864,78368324,3.12732,12.301200831755247,7.30053,5.385,1,-1,G,T,True,False
148864,78421742,3.09269,8.161056568514889,4.25819,4.19471,-1,1,G,G,True,True
148864,78448206,3.54355,8.066689115628295,6.0664,2.59653,-1,1,G,T,True,False
148864,78777747,3.10066,9.278233449440956,5.60511,4.01268,1,-1,G,G,True,True
148864,79104044,3.08464,10.219869704187477,5.65963,4.71438,1,-1,G,G,True,True
148864,79127360,3.07431,11.694191505808726,6.86243,4.83678,-1,1,G,G,True,True
148864,79132291,3.10871,10.875117096040116,6.78265,4.09612,-1,1,G,G,True,True
148864,79212886,3.07742,9.909617187505276,5.35797,4.62878,1,-1,G,G,True,True
148864,79288447,3.18396,7.263730979137377,6.81,1.0169,1,-1,G,T,True,False
148864,79466809,3.0924,9.570922302685636,5.3261,4.24711,1,-1,G,G,True,True
148864,79560847,3.15781,10.161900364449556,6.1488,4.42729,-1,1,G,G,True,True
148864,79721044,3.38142,8.22354015674539,7.68029,1.19825,-1,1,G,T,True,False
148864,79747665,3.13096,10.471733707065892,6.81042,4.09577,1,-1,G,G,True,True
148864,79935245,3.12243,10.606157769659097,6.48435,4.56944,1,-1,G,T,True,False
148864,79945120,3.05588,7.382382001630639,4.62567,3.07901,1,-1,G,G,True,True
148864,80112568,3.49891,17.172037804617133,15.9493,1.57075,-1,1,G,T,True,False
148864,80119048,3.03814,14.757115546989526,9.58352,5.47018,1,-1,G,G,True,True
148864,80350441,3.0741,13.767002704135747,9.26081,4.84242,-1,1,G,G,True,True
148864,80426640,3.13477,7.2000767703476605,5.49875,1.76569,1,-1,G,G,True,True
148864,80561476,3.14093,14.065526184937271,9.28276,5.12693,1,-1,G,G,True,True
148864,80665852,3.10086,11.307526984491348,6.90676,4.40081,-1,1,G,G,True,True
148864,80747222,3.08208,10.644093295288236,5.94985,4.72993,-1,1,G,G,True,True
148864,80870283,3.33434,6.46293967580458,3.85121,3.3192,1,-1,G,G,True,True
148864,80881323,3.10207,10.094893323994166,5.79645,4.65226,1,-1,G,G,True,True
148864,81088009,3.11349,17.59657372938141,11.7112,5.93722,1,-1,G,G,True,True
148864,81105772,2.76827,6.331708697077275,5.28536,1.51661,1,-1,G,T,True,False
148864,81352187,3.12001,7.417088509072075,4.70828,3.32876,1,-1,G,G,True,True
148864,81551366,2.79087,12.134849222618467,6.66138,5.70009,1,-1,G,G,True,True
148864,81610847,2.69855,3.6657741455875326,3.51014,1.02996,-1,1,G,T,True,False
148864,81628638,3.07579,7.015469645445271,3.86027,3.29325,1,-1,G,G,True,True
148864,81640708,3.09371,14.382634839166291,9.18796,5.19756,-1,1,G,T,True,False
148864,81656131,3.08204,7.659195381533232,4.54435,3.61619,1,-1,G,G,True,True
148864,81908181,3.05286,13.261557270945822,7.23375,6.09511,-1,1,G,G,True,True
148864,84547842,2.98905,6.941596647655421,4.516,3.00441,1,-1,G,G,True,True
148864,84628504,3.05973,8.371336879310256,4.76834,3.60354,-1,1,G,G,True,True
148864,84634647,2.66339,3.222619365768318,2.88728,1.27085,1,-1,G,T,True,False
148864,84646583,3.08631,5.897922374143712,3.36627,3.01809,1,-1,G,G,True,True
148864,84681626,3.14642,9.30052825190591,4.94263,4.87148,1,-1,G,G,True,True
148864,84693067,3.1221,7.065292267535718,4.07403,3.4414,1,-1,G,G,True,True
148864,84805870,3.08472,15.707855212230598,8.63852,7.32156,1,-1,G,G,True,True
148864,84832387,3.09311,11.250920221564101,6.15263,5.20492,1,-1,G,G,True,True
148864,84896015,3.11726,9.576695801036022,5.75547,3.93255,1,-1,G,G,True,True
148864,85020556,3.04558,8.894649831111959,4.73775,4.34157,1,-1,G,G,True,True
148864,85056195,2.64076,10.229216065010847,5.48502,4.91453,1,-1,G,G,True,True
148864,85077392,3.06222,21.6992794605397,17.4952,4.38903,-1,1,G,G,True,True
148864,85128120,3.04584,10.662112078683098,6.47878,4.19612,1,-1,G,G,True,True
148864,85141581,3.09607,7.689491942241698,4.61518,3.11953,-1,1,G,G,True,True
148864,85174095,3.07875,11.074983440732542,7.10378,3.979,1,-1,G,G,True,True
148864,85563986,3.10038,11.494186417184995,6.59492,5.09029,1,-1,G,G,True,True
148864,85601034,3.11068,8.959802047020904,5.69123,3.79027,-1,1,G,G,True,True
148864,85681651,3.12036,7.630551178787807,4.32807,3.31834,1,-1,G,G,True,True
148864,85749900,2.76511,9.526513582471448,9.19579,0.711978,-1,1,G,T,True,False
148864,85815110,2.79031,23.76275226653891,14.3944,9.45929,1,-1,G,T,True,False
148864,85922665,3.11587,9.279881017620268,5.72692,3.68846,1,-1,G,G,True,True
148864,86175280,3.13072,13.283994198232548,7.12222,6.52251,-1,1,G,G,True,True
148864,86188984,3.10494,8.283054111678917,5.22701,3.48803,1,-1,G,G,True,True
148864,86190792,3.13336,22.09919646705056,17.5799,4.60897,1,-1,G,G,True,True
148864,86249477,3.09068,9.392158406700826,4.89021,4.72372,1,-1,G,G,True,True
148864,86481780,3.10553,6.373391432826404,4.03101,2.96506,-1,1,G,G,True,True
148864,86485599,3.00343,9.988935796700266,5.99735,4.40494,1,-1,G,G,True,True
148864,86540923,3.15059,13.801737823520632,9.97159,4.0485,-1,1,G,G,True,True
148864,86640894,3.19019,6.167011967528603,3.57841,3.29861,1,-1,G,G,True,True
148864,86862494,3.07563,12.59418679544257,6.6296,6.00967,1,-1,G,G,True,True
148864,86888005,2.8873,10.729086670949444,10.0965,0.971478,1,-1,G,T,True,False
148864,86964747,3.15384,18.68414174385326,11.985,6.70593,1,-1,G,G,True,True
148864,86976135,3.08865,6.19666200431329,3.65597,3.17788,1,-1,G,G,True,True
148864,87184501,3.06047,10.071812458644175,7.01411,3.14894,-1,1,G,T,True,False
148864,87448474,3.11253,10.806990896438286,7.11603,3.92366,1,-1,G,G,True,True
148864,87556890,3.16352,10.278020482089147,5.839,4.76649,1,-1,G,G,True,True
148864,87614267,3.35364,22.44101869819695,21.3265,1.24831,-1,1,G,T,True,False
148864,87771303,3.11452,6.406811223860432,3.3833,3.21461,-1,1,G,G,True,True
148864,87913988,3.07573,7.638360582227119,4.3027,3.88529,-1,1,G,G,True,True
148864,88024282,3.03196,7.495377164526145,4.53959,2.98921,-1,1,G,G,True,True
148864,88248968,3.16894,7.370907806797544,7.10328,0.888785,-1,1,G,T,True,False
148864,88338156,3.10213,7.433795302461589,4.516,3.18181,1,-1,G,G,True,True
148864,88384926,3.10056,8.045749518627831,4.40335,4.00432,1,-1,G,T,True,False
148864,88438806,3.11306,10.027938486972284,5.67064,4.58469,1,-1,G,G,True,True
148864,88651539,3.09312,9.550706218227978,5.01219,4.78928,1,-1,G,G,True,True
148864,89157526,2.63787,17.753164583353836,15.1585,2.68488,1,-1,G,T,True,False
148864,123155276,2.95097,8.248870707078638,4.78066,3.87602,-1,1,G,G,True,True
148864,123348166,3.05968,9.20044224432853,5.03869,4.40427,1,-1,G,G,True,True
148864,123519417,3.14632,10.135062962958296,6.73753,3.65419,1,-1,G,G,True,True
148864,123601469,3.10632,7.573119986538507,4.29681,3.69691,-1,1,G,G,True,True
148864,123668571,3.15421,11.040950058996916,9.85874,1.61543,1,-1,G,T,True,False
148864,123758834,3.04368,21.44134394129715,14.5419,6.90344,1,-1,G,G,True,True
148864,123893375,3.09464,10.94611111720181,7.0642,3.92644,1,-1,G,G,True,True
148864,124036181,3.11338,14.039707302593598,10.2503,3.85622,1,-1,G,G,True,True
148864,124130530,2.93691,5.592997842515765,4.06762,2.04918,-1,1,G,T,True,False
148864,124202885,3.13587,15.075773058841792,10.9238,4.43715,1,-1,G,G,True,True
148864,124371369,3.34235,9.387892935094648,4.96535,4.84265,1,-1,G,G,True,True
148864,124482558,3.12319,10.58425796541732,5.74803,5.1647,1,-1,G,G,True,True
148864,124567775,3.16231,7.5344356356133275,4.88878,3.24461,-1,1,G,G,True,True
148864,124703678,2.82881,8.234086986776372,4.98712,3.71595,1,-1,G,G,True,True
148864,124735202,2.83055,3.60192377044601,3.1455,1.40652,1,-1,G,T,True,False
148864,125017781,3.16302,12.698565651561635,9.65468,3.13319,-1,1,G,G,True,True
148864,125127030,3.02853,12.122107694183754,10.3224,1.90821,1,-1,G,G,True,True
148864,125216658,2.71574,5.262965101637669,4.01558,1.89073,1,-1,G,T,True,False
148864,125219994,3.04719,8.43185832013851,5.08793,3.86415,-1,1,G,G,True,True
148864,125352021,3.1087,6.465341266765506,4.02945,3.00367,1,-1,G,G,True,True
148864,125354086,3.09603,9.216341861218906,5.52919,4.06709,-1,1,G,G,True,True
148864,125386597,3.22204,11.644412764944397,6.79531,4.96185,-1,1,G,G,True,True
148864,125476040,3.09343,14.72344640751699,13.8474,1.16355,-1,1,G,T,True,False
148864,130444201,3.06978,8.670154511454799,5.29258,3.83713,1,-1,G,G,True,True
148864,130461820,2.67507,8.957319270964947,4.88008,4.42313,-1,1,G,G,True,True
148864,130492716,3.51111,22.5519877916197,20.8775,1.89546,-1,1,G,T,True,False
148864,130518697,3.10475,13.581069931478742,9.6209,4.21597,1,-1,G,G,True,True
148864,130697490,2.89625,20.043185836450753,11.721,8.51214,1,-1,G,G,True,True
148864,130804897,3.15058,6.754392321257997,3.6682,3.09656,1,-1,G,G,True,True
148864,130879127,3.11475,10.652166093278868,6.83495,4.02511,-1,1,G,G,True,True
148864,130898548,3.47689,16.42931515398314,14.1165,2.50386,1,-1,G,T,True,False
148864,130942450,3.00032,12.370994583222199,11.6797,0.986012,-1,1,G,T,True,False
148864,131078283,3.0321,6.273810009278652,3.55678,3.29446,1,-1,G,G,True,True
148864,131293557,3.07785,7.547450583973704,4.66363,3.2172,-1,1,G,G,True,True
148864,131304263,2.90481,13.647780360873925,12.281,1.62951,1,-1,G,T,True,False
148864,131346745,3.13512,8.458433416963214,4.95865,3.55637,1,-1,G,G,True,True
148864,131530956,3.36934,7.737653712267111,7.49663,0.936066,-1,1,G,T,True,False
148864,131546757,3.04939,8.035481662837642,4.10186,3.93952,-1,1,G,T,True,False
148864,131669326,3.09924,6.999783179099478,4.11425,3.53781,-1,1,G,G,True,True
148864,131768251,3.11462,10.435115004890937,5.66019,4.79735,-1,1,G,G,True,True
148864,131897661,2.93722,12.34710084888647,11.8051,0.876009,-1,1,G,T,True,False
148864,131933993,3.10725,11.7131621206786,6.61239,5.13345,-1,1,G,T,True,False
148864,132005007,2.78751,7.604324578882729,4.16328,3.44222,1,-1,G,G,True,True
148864,132050172,3.07934,6.695812668780392,3.7103,3.03619,1,-1,G,G,True,True
148864,132115768,3.07572,13.198824661768183,7.59471,5.61233,1,-1,G,G,True,True
148864,132129878,3.02883,12.806658888026806,9.50755,3.49855,1,-1,G,G,True,True
148864,132640200,3.06696,5.53825973527786,3.15574,3.11682,1,-1,G,T,True,False
148864,132716760,3.03793,8.147822769719589,4.8213,3.87183,1,-1,G,G,True,True
148864,132747568,3.02859,7.13312804681088,4.21781,3.01826,1,-1,G,G,True,True
148864,132945981,3.12417,8.34740786514736,5.27883,3.56388,-1,1,G,G,True,True
148864,133069914,2.71219,10.961992400553832,5.93007,5.21068,-1,1,G,G,True,True
148864,133286553,3.43369,9.014290193150206,5.02287,4.32488,-1,1,G,G,True,True
148864,133437550,2.96549,8.943801277896329,4.72842,4.22353,-1,1,G,G,True,True
148864,133468632,3.08404,14.76579670991984,8.50143,6.45538,-1,1,G,G,True,True
148864,133738549,3.1015,10.004126231370183,6.37974,3.99128,-1,1,G,G,True,True
148864,133927097,3.54485,8.13160792500819,4.91184,3.2428,-1,1,G,G,True,True
148864,134048886,2.82256,3.4655619978107284,3.2535,1.19253,-1,1,G,T,True,False
148864,134068614,3.11507,7.16836290672424,3.86979,3.39809,1,-1,G,G,True,True
148864,134094727,3.32292,16.53506447583438,11.9801,4.61,1,-1,G,G,True,True
148864,134357468,3.10996,8.055171248003422,4.1188,3.94286,-1,1,G,G,True,True
148864,134427566,2.99709,12.297240090528444,7.2436,5.05505,1,-1,G,G,True,True
148864,134561067,3.06591,13.112271850953213,6.69554,6.42139,-1,1,G,G,True,True
148864,134823821,3.16319,8.964301927658896,4.99809,4.35841,1,-1,G,G,True,True
148864,134898045,3.01732,6.152805499995591,3.48506,3.13955,1,-1,G,G,True,True
148864,134960045,3.25394,10.012874072980095,9.74621,0.755005,1,-1,G,T,True,False
148864,134990146,3.05312,14.44847641723514,10.2008,4.27676,1,-1,G,G,True,True
148864,135025143,3.09188,8.442512537767948,4.68425,3.7777,-1,1,G,G,True,True
148864,135124748,3.11274,16.58670666478539,15.3316,1.43324,-1,1,G,T,True,False
148864,294935636,2.99684,6.848301829501676,3.8114,3.64219,-1,1,G,G,True,True
148864,294963401,3.26008,7.227775302131355,4.09674,3.76459,-1,1,G,T,True,False
148864,295462361,2.99269,8.368009212637377,4.75126,3.79903,-1,1,G,G,True,True
148864,295490062,3.11122,20.14592025073053,11.2238,9.15423,-1,1,G,G,True,True
148864,295563166,3.06857,10.101436750226425,5.89795,4.65631,1,-1,G,G,True,True
148864,295912894,2.93854,21.266511624899273,19.4381,1.99758,1,-1,G,T,True,False
148864,295948934,3.08249,10.228425552571618,5.38095,5.29594,-1,1,G,G,True,True
148864,296060459,3.00336,19.255103403001943,18.3126,1.16796,1,-1,G,T,True,False
148864,296250421,3.54741,13.533732608074462,12.9095,0.890784,-1,1,G,T,True,False
148864,296353943,3.14053,11.504767911005418,6.74907,4.75854,1,-1,G,G,True,True
148864,296419258,3.04709,10.343533207229578,5.83978,4.81023,-1,1,G,G,True,True
148864,296524587,3.10648,6.87571633583178,4.51946,3.00821,-1,1,G,G,True,True
148864,296646286,2.69251,7.109821458432413,6.84263,0.730929,1,-1,G,T,True,False
148864,310850269,3.09077,6.633151539125275,5.29791,1.93421,-1,1,G,T,True,False
148864,310936380,3.0812,9.871320688443872,5.97169,3.95242,-1,1,G,G,True,True
148864,311022377,3.10002,11.930750797741103,9.27724,2.74624,1,-1,G,G,True,True
148864,311031770,3.07363,6.8915973559024035,3.60713,3.40907,-1,1,G,G,True,True
148864,311058633,3.09194,12.547668437737746,7.84713,4.709,1,-1,G,G,True,True
148864,311210560,3.11484,9.955916855041528,5.39223,5.0368,1,-1,G,G,True,True
148864,311282415,3.12396,13.923724160532625,7.93915,6.1477,-1,1,G,G,True,True
148864,311311358,3.15211,10.273120619660803,6.41785,4.27495,1,-1,G,G,True,True
148864,311662139,3.0751,7.266620382908481,5.91999,1.86254,-1,1,G,T,True,False
148864,311691014,3.29163,5.245912121356971,3.08164,3.0705,1,-1,G,G,True,True
148864,311760797,3.11149,9.628767743735436,5.30307,4.57366,1,-1,G,G,True,True
148864,311764017,3.01406,11.944634351846062,8.66852,3.39015,-1,1,G,G,True,True
148864,311853333,3.08868,7.481682383535136,4.38573,3.69098,-1,1,G,G,True,True
148864,311865809,2.95047,13.38195542107356,8.10565,5.28679,-1,1,G,G,True,True
148864,311922436,3.35082,15.230564054827024,13.6914,1.768,1,-1,G,T,True,False
148864,311968473,3.07857,11.634654884129567,7.48056,4.49864,-1,1,G,G,True,True
148864,312059629,3.11844,9.28812272163159,5.20556,4.22268,-1,1,G,G,True,True
148864,312074261,3.11074,8.537291475182512,5.61995,3.25333,-1,1,G,G,True,True
148864,312211080,2.84331,12.820681105195192,11.7242,1.34254,-1,1,G,T,True,False
148864,312495711,3.10687,11.585935520915676,7.89214,4.02191,-1,1,G,G,True,True
148864,312498566,3.12466,12.497334108752954,7.33836,5.52728,1,-1,G,G,True,True
148864,312788939,3.05588,10.98910881260082,6.38451,4.61041,-1,1,G,G,True,True
148864,312845586,3.11575,10.235166118534666,7.28931,3.33741,1,-1,G,G,True,True
148864,312862636,3.19698,7.055402063398017,4.17564,3.53033,-1,1,G,T,True,False
148864,313015744,3.42378,12.088077488573774,6.55062,5.55682,1,-1,G,G,True,True
148864,313050322,3.51812,9.295640156169988,5.47725,4.45078,1,-1,G,G,True,True
148864,313167238,2.79357,14.333917067574376,7.59056,6.81689,1,-1,G,G,True,True
148864,313245487,3.08391,9.71394204601619,5.10352,4.62213,-1,1,G,G,True,True
148864,313378720,3.08138,7.1235891705218375,4.46855,3.24697,-1,1,G,T,True,False
148864,313566885,3.0525,9.698901897251048,6.17102,3.66288,-1,1,G,G,True,True
148864,313627201,3.14978,6.321231197298513,3.64488,3.37033,1,-1,G,G,True,True
148864,313704300,3.18284,8.238655087142561,5.56937,3.11201,-1,1,G,G,True,True
148864,313719502,3.07274,8.645574889201354,6.65837,2.50871,-1,1,G,T,True,False
148864,313781939,3.09826,13.049753762428661,8.22693,4.86377,1,-1,G,G,True,True
148864,313794804,3.09902,10.665246348420649,6.79766,3.87985,-1,1,G,G,True,True
148864,313882906,3.37933,12.758830524520025,12.223,0.968232,1,-1,G,T,True,False
148864,313973754,3.02566,7.821628056421502,4.66414,3.57689,1,-1,G,G,True,True
148864,314012436,3.11184,28.41068029507389,20.3484,8.20044,-1,1,G,T,True,False
148864,314121073,3.17752,14.364705058089324,13.302,1.29111,-1,1,G,T,True,False
148864,314147162,3.07543,7.659968944392726,4.98121,3.13468,-1,1,G,G,True,True
148864,314159725,3.07049,7.409894159793647,3.96203,3.77641,-1,1,G,G,True,True
148864,314309506,3.08476,8.044458975300948,4.36631,4.22303,-1,1,G,G,True,True
148864,314317759,3.1223,5.382792063450436,4.06255,1.92003,1,-1,G,T,True,False
148864,314669800,3.27521,12.215219844049635,11.6161,0.996236,-1,1,G,T,True,False
148864,314710852,2.72935,8.878492659055365,7.17623,2.07997,1,-1,G,T,True,False
148864,314755894,2.88476,10.373071971719323,8.57332,2.18943,-1,1,G,T,True,False
148864,315153944,3.10806,10.381566964087117,6.1927,4.332,-1,1,G,G,True,True
148864,315267610,3.57773,9.998944994948731,9.75478,0.857836,1,-1,G,T,True,False
148864,315647050,3.09744,9.914290218800335,6.34389,3.81896,1,-1,G,G,True,True
148864,315861606,3.03631,7.610194891801393,3.87652,3.7339,-1,1,G,G,True,True
148864,315893983,3.13145,7.727646071773733,4.14575,3.89067,1,-1,G,G,True,True
148864,315908129,3.37474,3.3240822086767046,3.48835,1.21792,1,-1,G,T,True,False
148864,315945347,3.08428,8.24368080525083,4.37413,4.08182,1,-1,G,G,True,True
148864,315960395,3.12948,11.026428202377412,7.47818,3.57171,1,-1,G,G,True,True
148864,316019646,3.05848,23.815945749780752,17.0489,6.77985,1,-1,G,G,True,True
148864,316041565,3.26391,11.54510511006721,7.74443,4.2244,-1,1,G,G,True,True
148864,316042762,3.11915,9.61744471114074,5.10002,4.64689,-1,1,G,G,True,True
148864,316104094,3.06081,7.615935240927406,4.29068,3.64136,1,-1,G,G,True,True
148864,316423467,2.9491,12.002990767612879,8.29128,3.79621,1,-1,G,G,True,True
148864,316490434,3.08227,8.220989482294694,4.2946,4.16281,-1,1,G,G,True,True
148864,316571509,3.39957,16.91483977649508,9.38917,7.55596,1,-1,G,G,True,True
148864,316574082,2.83899,12.802439396900109,8.29844,4.58194,-1,1,G,G,True,True
148864,316759711,3.08033,8.415509538516607,4.99826,3.91142,-1,1,G,G,True,True
148864,316790735,3.25434,5.145701546971025,4.36958,1.71178,-1,1,G,T,True,False
148864,316899105,3.10122,14.199929017695828,7.1637,7.03899,1,-1,G,G,True,True
148864,316965261,2.97006,10.098611062047098,5.13837,4.9985,-1,1,G,G,True,True
148864,316980509,3.12475,9.538362738541663,5.89484,3.85823,1,-1,G,G,True,True
148864,316998702,2.86914,5.596292999584993,4.65566,1.48897,1,-1,G,T,True,False
148864,317061903,3.04002,8.639114591171944,5.03166,3.84174,-1,1,G,G,True,True
148864,317128934,3.06409,9.867318062799841,5.36975,4.57953,1,-1,G,G,True,True
148864,317179925,3.20628,8.917822549024454,5.72099,3.70957,-1,1,G,G,True,True
148864,317207111,3.07163,13.392552993037176,11.8596,1.87718,1,-1,G,T,True,False
148864,317230563,3.09882,10.56041691601236,5.5953,5.39194,1,-1,G,G,True,True
148864,317295594,3.01052,6.42524807558432,3.79408,3.2783,-1,1,G,G,True,True
148864,317497530,3.07921,11.264375595273801,7.60496,3.95772,1,-1,G,G,True,True
148864,319958799,3.06854,29.714209761876553,17.3422,12.4236,-1,1,G,G,True,True
148864,320018117,3.09736,7.438745515556773,4.63811,3.16523,1,-1,G,G,True,True
148864,320058220,3.06358,6.645148251923053,3.78696,3.52587,-1,1,G,G,True,True
148864,320063873,3.10996,10.181504521454578,5.20135,5.03586,-1,1,G,G,True,True
148864,320296107,3.33533,14.142671734280798,8.47185,6.0342,1,-1,G,T,True,False
148864,320585902,3.48288,21.334176862749334,19.649,1.87056,1,-1,G,T,True,False
148864,320651115,2.71469,13.74659849465536,12.86,1.04053,-1,1,G,T,True,False
148864,320747233,3.11733,10.5717547350298,6.36379,4.31644,1,-1,G,G,True,True
148864,320926801,3.11722,8.541668471436305,4.49859,4.16346,1,-1,G,G,True,True
148864,320984848,2.98767,4.0814728070348885,3.68145,1.2985,-1,1,G,T,True,False
148864,321024986,2.71839,10.047834112504047,5.96071,4.10505,1,-1,G,G,True,True
148864,321121299,3.08764,15.561773645829353,10.2105,5.37005,-1,1,G,G,True,True
148864,321280741,3.58021,7.630246763037811,6.52458,1.66199,-1,1,G,T,True,False
148864,321528750,3.08858,9.20633008148741,5.37758,3.86284,-1,1,G,G,True,True
148864,321528998,3.10904,13.453332701104214,7.775,5.8515,-1,1,G,G,True,True
148864,321751881,3.07904,12.817711634468923,7.491,5.68948,1,-1,G,G,True,True
148864,321833730,3.09901,6.643400589466286,3.46034,3.44513,-1,1,G,G,True,True
148864,321875792,2.61938,3.774843443526632,3.12148,1.29333,-1,1,G,T,True,False
148864,321914282,3.07629,14.04905851963572,12.0978,2.26197,1,-1,G,G,True,True
148864,322048838,3.07796,10.96766917353455,7.87147,3.31437,1,-1,G,G,True,True
148864,322090121,3.42897,7.742711745419018,4.77472,3.03224,-1,1,G,G,True,True
148864,322191861,2.65474,10.038383347098277,5.59244,4.45073,1,-1,G,G,True,True
148864,322216559,3.38536,8.197704276698447,4.955,3.26398,-1,1,G,G,True,True
148864,322219076,3.24645,5.473369082623974,3.74111,2.36508,1,-1,G,T,True,False
148864,322274207,3.51529,6.958005210613814,3.85144,3.42444,1,-1,G,G,True,True
148864,322295366,3.0956,10.394675179937515,5.54892,4.88629,1,-1,G,G,True,True
148864,322677443,2.81683,5.7015302970430675,3.47474,2.8756,1,-1,G,T,True,False
148864,322791807,3.15598,10.014877104596792,9.49697,0.976196,-1,1,G,T,True,False
148864,323094244,3.0729,9.09335400096686,5.13659,3.96932,-1,1,G,G,True,True
148864,323218752,3.10339,8.892295436393237,4.71105,4.2749,1,-1,G,G,True,True
148864,323261137,3.05367,13.090666946267481,7.17657,5.97776,-1,1,G,G,True,True
148864,323266008,3.51554,14.317308250848866,13.4942,1.15255,1,-1,G,T,True,False
148864,323330757,3.14388,14.021786163299595,11.2175,3.15,-1,1,G,G,True,True
148864,323342212,3.58429,7.103067742334223,4.15939,3.71983,1,-1,G,G,True,True
148864,323381571,3.1316,10.340196140431766,5.68679,4.85986,-1,1,G,G,True,True
148864,323506146,3.02499,7.201996390230975,3.71689,3.51944,-1,1,G,G,True,True
148864,323506904,2.92145,16.464639508868697,14.2627,2.44611,-1,1,G,T,True,False
148864,323591074,3.1028,8.59285448956172,4.93882,4.19441,1,-1,G,G,True,True
148864,323643707,2.80055,17.594039242084232,15.2229,2.58841,-1,1,G,T,True,False
148864,323736886,3.10162,10.809489692714454,7.59728,3.59208,1,-1,G,T,True,False
148864,323960494,3.11538,14.237947036767626,9.68074,4.73813,-1,1,G,G,True,True
148864,324050428,2.94489,7.666238074233281,6.90208,1.214,1,-1,G,T,True,False
148864,324128551,3.12556,15.741534815468281,8.5972,7.2173,-1,1,G,G,True,True
148864,324160225,3.01131,7.58315788996906,4.46605,3.16567,1,-1,G,G,True,True
148864,324202823,3.0002,7.589075474495758,7.37816,0.75919,-1,1,G,T,True,False
148864,324265828,2.86323,5.17369457214088,4.00473,1.90401,1,-1,G,T,True,False
148864,324311955,3.09327,9.180272431001162,5.28669,4.02193,1,-1,G,G,True,True
148864,324402666,3.13674,8.870522692639948,4.84886,4.02526,1,-1,G,G,True,True
148864,324446104,3.11193,6.3738679671541485,3.69343,3.3183,-1,1,G,T,True,False
148864,324556006,3.15452,9.465053509920796,5.58409,4.21335,1,-1,G,G,True,True
148864,324804215,3.0761,24.08329198701872,20.7,3.39064,-1,1,G,G,True,True
148864,324852897,3.05438,10.008801289330306,5.74766,4.47328,-1,1,G,G,True,True
148864,325199518,3.1173,13.579920014949634,8.26553,5.63029,1,-1,G,G,True,True
148864,325225403,3.2751,4.237124396285764,4.03943,1.30376,-1,1,G,T,True,False
148864,325315987,2.81588,7.077338203378443,3.71674,3.36464,-1,1,G,G,True,True
148864,325388221,3.04091,5.62760643153588,3.18054,3.04631,1,-1,G,G,True,True
148864,325863092,3.08157,8.5167445886635,4.96788,3.86805,1,-1,G,G,True,True
148864,325873538,2.63946,12.49933125024551,11.1429,1.49453,1,-1,G,T,True,False
148864,325894237,3.09956,12.687307061042583,7.41405,5.49352,-1,1,G,G,True,True
148864,325897383,2.84281,6.868497238685038,4.15781,3.02106,-1,1,G,G,True,True
148864,326179717,3.05755,11.680817556703811,6.41317,5.32902,-1,1,G,G,True,True
148864,326211871,3.10027,9.308196657742036,4.82872,4.49677,1,-1,G,G,True,True
148864,326385767,3.03402,18.327130048329987,12.178,6.19315,-1,1,G,G,True,True
148864,326394917,3.12839,9.257865407932064,6.09748,3.35488,-1,1,G,G,True,True
148864,326556708,3.08088,9.682181036987949,5.51949,4.24982,-1,1,G,G,True,True
148864,383350297,3.18826,7.687137440470022,7.21514,1.08243,1,-1,G,T,True,False
148864,383462153,2.71891,19.740612904370522,16.9526,2.80144,-1,1,G,G,True,True
148864,383494655,3.16861,6.840261738794869,3.66316,3.56628,1,-1,G,G,True,True
148864,383508415,3.10339,8.115052709656297,4.63235,4.05322,-1,1,G,G,True,True
148864,383636693,3.00989,11.59065602057968,6.07442,5.84422,-1,1,G,G,True,True
148864,383927866,3.10448,6.014578254343774,3.50381,3.25444,-1,1,G,G,True,True
148864,383982856,3.04616,11.592596371647078,6.59225,5.04436,-1,1,G,G,True,True
148864,384049819,3.37981,2.3461389801031185,3.06519,1.0223,1,-1,G,T,True,False
148864,384186308,3.06496,4.561456756329166,3.63134,1.57647,-1,1,G,T,True,False
148864,384203875,3.06359,11.877967405419161,7.94886,3.93056,-1,1,G,G,True,True
148864,384241703,3.18761,14.118177937042761,12.9933,1.42553,1,-1,G,T,True,False
148864,384527370,3.13879,7.418843905730865,4.007,3.56375,-1,1,G,G,True,True
148864,384654644,2.97484,8.175102526222163,7.05497,1.64037,-1,1,G,T,True,False
148864,384682273,2.87431,16.538979529977052,8.94829,7.7702,1,-1,G,G,True,True
148864,384700664,3.02366,7.677053778175583,4.29232,3.45166,-1,1,G,G,True,True
148864,384739309,3.10833,11.47041190511047,5.99682,5.73227,-1,1,G,G,True,True
148864,384841860,3.35185,13.541184300662184,10.285,3.56333,-1,1,G,T,True,False
148864,385078618,2.68777,3.43577442299651,3.19826,1.15006,-1,1,G,T,True,False
148864,385087809,3.09621,18.080826111195805,10.376,7.92738,1,-1,G,G,True,True
148864,385197389,3.07332,5.145488663516421,4.47125,1.38726,1,-1,G,T,True,False
148864,385673580,3.12095,14.267970420087785,9.06635,5.23395,-1,1,G,G,True,True
148864,385762066,3.01119,8.661096090414883,4.75734,3.9945,-1,1,G,G,True,True
148864,385771359,3.33674,14.900871249245327,14.2262,0.980702,-1,1,G,T,True,False
148864,385910989,3.00738,14.14147028776004,10.2819,4.14237,1,-1,G,G,True,True
148864,386055810,3.07859,15.14883266051906,10.3946,4.76152,1,-1,G,G,True,True
148864,386143823,3.04564,8.426039545848335,5.5251,3.27767,1,-1,G,G,True,True
148864,386312227,3.08963,6.14874278768278,3.54605,3.3319,1,-1,G,G,True,True
148864,386378445,3.08937,8.947877281109749,5.01739,3.96085,-1,1,G,G,True,True
148864,386394057,3.05929,8.505356677118252,4.62031,4.06279,1,-1,G,G,True,True
148864,386459016,3.08113,10.897896963977775,6.33084,4.76521,-1,1,G,G,True,True
148864,386517800,3.02006,17.02639838465552,9.56637,7.5245,1,-1,G,G,True,True
148864,386580037,3.09276,21.97231076124985,20.2104,1.96984,1,-1,G,G,True,True
148864,386603389,3.09791,8.506124890483328,5.21676,3.32764,-1,1,G,G,True,True
148864,386788321,2.95803,11.201396008952983,6.90987,4.37966,-1,1,G,G,True,True
148864,386859021,3.10955,12.484335675157089,6.61,6.1931,1,-1,G,G,True,True
148864,387121511,2.67653,6.351517720209005,5.40491,1.42666,1,-1,G,T,True,False
148864,387225731,3.09908,8.595006651963686,4.57616,4.42955,1,-1,G,G,True,True
148864,387276993,3.0078,8.776162720095838,4.64555,4.33674,-1,1,G,G,True,True
148864,387397865,3.43241,16.067083502444866,15.029,1.32275,1,-1,G,T,True,False
148864,387599246,3.09812,9.375596498713083,5.65337,4.17841,1,-1,G,G,True,True
148864,388150500,3.09078,14.00762213779341,9.00109,5.3413,-1,1,G,G,True,True
148864,388178855,3.02413,11.207425587418413,7.3079,4.21982,-1,1,G,G,True,True
148864,388181036,3.00789,12.771049038168673,7.99916,4.8376,-1,1,G,G,True,True
148864,388242472,3.14832,6.860701293930387,3.7963,3.73546,-1,1,G,G,True,True
148864,388370773,3.07197,8.637903234801835,5.72368,3.4412,1,-1,G,G,True,True
148864,388378488,3.102,18.29422815706637,12.8771,5.4356,-1,1,G,G,True,True
148864,388439135,3.46353,3.7178421662588854,3.0003,1.95108,-1,1,G,T,True,False
148864,388684932,3.05797,7.978059525500484,4.98719,3.18481,1,-1,G,G,True,True
148864,388754584,2.65544,19.196758920369863,14.5466,4.78145,-1,1,G,T,True,False
148864,388810061,3.10362,6.285593223035993,3.53396,3.41463,-1,1,G,G,True,True
148864,388961328,3.13474,8.800860594975926,5.61281,3.72711,1,-1,G,G,True,True
148864,389126245,3.0852,13.224701201770118,7.57096,5.65647,1,-1,G,G,True,True
148864,389127406,3.04636,9.447839282390676,8.78499,1.04122,1,-1,G,T,True,False
148864,389256068,3.04798,5.781418925660876,3.2627,3.20897,1,-1,G,G,True,True
148864,389438474,2.80531,9.464506747845405,8.58663,1.22928,1,-1,G,T,True,False
148864,389686334,3.08113,10.479564769369002,6.21674,4.28575,1,-1,G,G,True,True
148864,436352534,3.11439,7.823644529285632,4.39305,4.02499,-1,1,G,G,True,True
148864,436401985,3.27617,6.608033259677194,3.31626,3.30966,1,-1,G,G,True,True
148864,436585736,3.11117,20.93577191593613,17.7511,3.32565,-1,1,G,T,True,False
148864,436624274,2.76017,15.532094445384885,14.4517,1.29807,1,-1,G,T,True,False
148864,437120407,2.68957,4.503942000936069,3.38823,1.83322,1,-1,G,T,True,False
148864,437607546,3.11904,10.195919250366787,6.30896,4.34975,-1,1,G,G,True,True
148864,437610070,3.09351,12.146056275273056,7.25838,5.26412,1,-1,G,G,True,True
148864,438095831,3.10151,8.165973200770377,4.82253,3.34461,1,-1,G,G,True,True
148864,438103346,3.10294,6.00663082318499,3.63496,3.06442,-1,1,G,G,True,True
148864,438116631,3.12767,8.782782845892296,4.71257,4.34529,1,-1,G,G,True,True
148864,438135825,3.04929,12.621308372942165,8.10698,4.53,-1,1,G,T,True,False
148864,438362000,2.92528,10.89523653901098,7.39101,3.88745,1,-1,G,G,True,True
148864,438394277,2.74761,11.375652485835701,10.2977,1.37029,-1,1,G,T,True,False
148864,438411885,3.14109,12.139996087314033,6.38756,6.14886,1,-1,G,G,True,True
148864,438441498,2.61433,10.086435289769968,9.28487,1.0227,-1,1,G,T,True,False
148864,438606800,3.13102,9.655545732318863,5.67489,4.20905,-1,1,G,G,True,True
148864,438798608,3.04254,21.123163892043163,19.9638,1.31534,-1,1,G,T,True,False
148864,438826755,3.10725,12.068526356307965,7.76045,4.62971,1,-1,G,G,True,True
148864,438837888,2.73612,3.6967632812253477,3.03263,1.54285,-1,1,G,T,True,False
148864,438853377,3.06035,11.0767880601734,6.58208,4.90287,-1,1,G,G,True,True
148864,439142679,3.14195,9.81745221826926,6.98523,3.00179,1,-1,G,G,True,True
148864,439161817,3.10901,4.383612099193997,3.64668,1.60963,-1,1,G,T,True,False
148864,439253215,3.07426,9.09009672585944,4.95653,4.20142,-1,1,G,G,True,True
148864,439265806,2.72293,12.565407108649525,6.829,6.02034,1,-1,G,G,True,True
148864,439300818,3.09025,8.556610774197596,4.69584,4.22098,1,-1,G,G,True,True
148864,439367150,3.20494,6.0817932665949765,3.35717,3.16374,-1,1,G,G,True,True
148864,439415592,3.09157,8.729410158641878,5.25769,3.49803,-1,1,G,G,True,True
148864,439528878,3.07121,12.229303162572265,7.1468,5.38337,1,-1,G,G,True,True
148864,439535108,3.11903,11.769913209692755,6.19505,5.84161,-1,1,G,G,True,True
148864,439604253,3.09072,9.844678892579484,6.04545,4.01309,-1,1,G,G,True,True
148864,439863226,3.10879,7.462462882473587,4.62114,3.041,1,-1,G,G,True,True
148864,439880778,3.14626,12.514713164175998,9.1297,3.74041,-1,1,G,G,True,True
148864,439965233,3.481,7.1960178595737245,4.90276,2.93217,-1,1,G,G,True,True
148864,440096508,3.05846,9.928236818227091,5.68044,4.70295,1,-1,G,G,True,True
148864,440147473,3.09512,9.735127583149591,5.17411,4.9364,-1,1,G,G,True,True
148864,440430018,3.06145,7.016437923227142,3.9891,3.6631,-1,1,G,G,True,True
148864,440455969,3.11777,11.64127993425551,6.99575,4.65029,1,-1,G,G,True,True
148864,440479641,3.35062,17.949348884777436,16.9886,1.13772,-1,1,G,T,True,False
148864,440561111,3.18254,11.787117354704499,7.13232,4.68361,1,-1,G,G,True,True
148864,440564434,2.66644,20.610117611195236,13.9116,6.83241,1,-1,G,G,True,True
148864,440575604,3.46592,13.983127770985897,13.1338,1.0817,1,-1,G,T,True,False
148864,440631793,3.03682,7.408727603637483,4.3316,3.08087,-1,1,G,G,True,True
148864,440647467,3.06779,16.41922129199798,9.52493,7.14965,1,-1,G,G,True,True
148864,440749215,3.12455,11.802571469292783,6.42668,5.72337,1,-1,G,G,True,True
148864,442991139,3.13203,11.328852636630948,6.62919,4.7927,-1,1,G,G,True,True
148864,443033851,3.10832,5.812233282962841,3.34316,3.23937,-1,1,G,G,True,True
148864,443131628,2.70821,3.977811597760758,3.50871,1.20408,-1,1,G,T,True,False
148864,443153945,3.09788,9.014563563301332,5.57489,3.60681,1,-1,G,G,True,True
148864,443174187,2.75946,12.288471417702853,7.26512,5.29302,1,-1,G,G,True,True
148864,443613459,3.01786,8.14408169600729,4.1039,4.04903,-1,1,G,G,True,True
148864,443809242,3.08246,9.49097388933765,5.13769,4.75052,-1,1,G,G,True,True
148864,443811230,3.07558,10.181955752884608,6.22401,4.28841,1,-1,G,G,True,True
148864,443862985,2.7059,9.194481790062124,5.06126,4.51417,1,-1,G,G,True,True
148864,443979207,3.08017,7.429804758652814,4.09184,3.34025,1,-1,G,G,True,True
148864,443991959,3.11224,10.798167131073681,5.95297,5.21216,1,-1,G,G,True,True
148864,444026158,3.22461,8.93441319503553,7.62095,1.86363,-1,1,G,T,True,False
148864,444231821,3.10051,13.699703536566037,9.84931,3.90322,-1,1,G,G,True,True
148864,444466997,2.60231,23.81484356909035,20.5729,3.3175,-1,1,G,T,True,False
148864,444537606,3.30862,10.767752522156144,6.01512,4.75284,1,-1,G,G,True,True
148864,444567525,3.0861,7.95781588572367,4.27365,3.68419,1,-1,G,G,True,True
148864,444575012,2.95534,10.927606977284642,7.33094,3.94629,-1,1,G,G,True,True
148864,444780204,3.08303,8.965004991099336,5.83078,3.64517,-1,1,G,G,True,True
148864,444903815,2.61818,10.060849438022817,5.16219,5.10828,-1,1,G,G,True,True
148864,444904839,2.76464,9.045879474447192,4.94519,4.32936,-1,1,G,G,True,True
148864,445079560,2.96235,9.547967229226543,5.28844,4.59828,-1,1,G,G,True,True
148864,478186721,2.98244,8.026693486592096,4.47444,3.60025,-1,1,G,G,True,True
148864,478202504,3.11878,9.182016438544423,5.9871,3.58937,-1,1,G,G,True,True
148864,478243578,3.07775,16.926493496140896,9.37586,7.63594,1,-1,G,G,True,True
148864,478250672,2.72433,10.928470435018616,9.76294,1.49201,1,-1,G,T,True,False
148864,478674445,3.09483,9.927528730323575,6.18122,3.78072,-1,1,G,G,True,True
148864,478724542,3.42224,10.266082916406871,9.69015,1.07454,-1,1,G,T,True,False
148864,478915199,2.88975,14.12002755221462,8.72214,5.41565,-1,1,G,G,True,True
148864,478945437,3.2761,8.09995598438041,4.92633,3.58674,-1,1,G,G,True,True
148864,479143101,3.44539,10.753888863109012,5.6702,5.28581,1,-1,G,G,True,True
148864,479205296,2.83473,16.878720472251807,15.157,1.79746,1,-1,G,T,True,False
148864,479249167,3.09592,14.962012368866027,8.16773,6.82579,-1,1,G,G,True,True
148864,479272929,2.96958,11.66690980983825,7.40054,4.3154,1,-1,G,G,True,True
148864,479732737,3.15526,6.075856533337502,3.75917,2.85239,-1,1,G,G,True,True
148864,479746049,3.09644,16.256962309315355,9.93019,6.57504,1,-1,G,G,True,True
148864,479806561,3.04718,7.848809549086234,4.88161,3.40658,1,-1,G,G,True,True
148864,479958382,2.67277,19.462629804250508,10.0087,9.50162,1,-1,G,G,True,True
148864,486628137,3.18734,10.48506599534786,6.99838,3.90689,1,-1,G,G,True,True
148864,486644790,3.12184,7.206721923822232,4.00293,3.84774,1,-1,G,G,True,True
148864,486996473,3.11186,9.307867472526722,6.76317,3.04647,1,-1,G,G,True,True
148864,487022494,3.13859,9.383544535137029,4.91904,4.83423,1,-1,G,G,True,True
148864,487066727,2.80147,13.234982867042179,10.2526,3.24379,-1,1,G,G,True,True
148864,487080741,3.20016,7.858554260040456,4.63728,3.52032,-1,1,G,T,True,False
148864,487090605,2.68106,10.936933486864588,6.08557,5.02791,1,-1,G,G,True,True
148864,487204948,3.10093,18.93270841460619,12.002,6.99634,-1,1,G,G,True,True
148864,487209616,3.13564,19.773270133440242,10.6059,9.36498,-1,1,G,G,True,True
148864,487244697,3.12547,13.14081597620178,9.77268,3.55264,1,-1,G,G,True,True
148864,487426419,3.31571,9.987730022646637,9.59531,0.918328,1,-1,G,T,True,False
148864,487428202,3.0509,3.552616494360178,2.40888,2.04526,1,-1,G,T,True,False
148864,487458444,3.1005,6.240163607820632,3.57161,3.17145,1,-1,G,G,True,True
148864,487532557,3.07867,10.371774944295888,6.75515,3.95823,1,-1,G,G,True,True
148864,487556265,3.10289,10.498467560253737,5.97837,4.64257,-1,1,G,G,True,True
148864,487712537,3.14146,12.306347535044669,6.77575,5.53161,1,-1,G,G,True,True
148864,487712858,3.57349,7.185570648473231,5.6959,2.07559,1,-1,G,T,True,False
148864,487714351,2.62377,10.941361841475675,7.13477,3.9577,-1,1,G,G,True,True
148864,487867201,3.12832,7.166918493510653,4.1466,3.55391,-1,1,G,G,True,True
148864,487930314,3.32723,12.571685766778495,7.61702,4.99421,-1,1,G,G,True,True
148864,488091785,3.08773,7.554000543374352,4.08119,3.668,1,-1,G,G,True,True
148864,488144659,3.06504,7.4882622651186574,4.10411,3.70558,-1,1,G,G,True,True
148864,488254247,3.13057,20.040665312733505,10.8568,9.36013,1,-1,G,G,True,True
148864,488268283,3.09413,9.25619942544455,5.97891,3.756,-1,1,G,G,True,True
148864,488303723,3.02466,7.659474759564131,4.09173,4.07011,1,-1,G,G,True,True
148864,488423546,3.09904,7.217570451383277,3.86825,3.82688,1,-1,G,G,True,True
148864,488541580,2.99588,9.700763040802512,6.18829,3.58381,-1,1,G,T,True,False
148864,488742837,2.93786,11.968560019435127,9.78881,2.44387,-1,1,G,T,True,False
148864,488794927,3.04151,19.28349595621668,15.6304,3.87611,1,-1,G,G,True,True
148864,488815705,3.05369,1.8253780799428923,2.24229,1.26796,1,-1,G,G,True,True
148864,489143078,3.08842,10.528368484627615,5.93884,4.93548,-1,1,G,G,True,True
148864,489371246,3.12706,10.52734602972658,6.64254,3.91002,1,-1,G,G,True,True
148864,489488692,3.12016,15.445352850752359,10.3202,5.12567,-1,1,G,G,True,True
148864,489498050,2.72177,8.366652388521635,6.89344,1.7405,-1,1,G,T,True,False
148864,489577457,2.93296,13.923251248476413,9.3861,4.53818,1,-1,G,G,True,True
148864,489664458,3.13289,7.966438890056208,5.40202,3.14717,-1,1,G,G,True,True
148864,489707529,2.77465,4.003197773780606,3.2542,1.54737,1,-1,G,T,True,False
148864,489747325,2.65464,10.532905839738623,6.34201,4.22987,1,-1,G,G,True,True
148864,490109183,3.24516,5.244284898227402,3.19522,2.71185,1,-1,G,T,True,False
148864,490193046,2.84139,3.636034816134741,3.03091,1.29953,1,-1,G,T,True,False
148864,490195017,3.10129,15.659028768084564,8.73022,6.93976,-1,1,G,G,True,True
148864,490433247,3.05694,8.624365597308314,5.03447,3.99182,1,-1,G,G,True,True
148864,490471502,2.7316,15.576514909009653,8.46578,7.26465,-1,1,G,G,True,True
148864,490670036,3.09623,6.893393458369325,3.78266,3.76918,-1,1,G,G,True,True
148864,490863036,3.23056,7.8403598419587865,4.61754,3.2472,1,-1,G,G,True,True
148864,490912105,3.02719,7.266739421845261,4.29605,3.0546,-1,1,G,G,True,True
148864,490936869,3.00072,11.911285064244748,7.40088,4.5114,1,-1,G,G,True,True
148864,491068961,3.18271,9.230810754300188,6.30755,3.25401,1,-1,G,G,True,True
148864,491265302,3.1137,9.239426111750666,5.58428,4.12986,1,-1,G,G,True,True
148864,491458022,3.10361,10.800691234842333,6.17072,4.80601,1,-1,G,G,True,True
148864,491474868,2.9484,11.673888754352594,6.26852,5.40647,-1,1,G,G,True,True
148864,491675277,3.20922,13.265822999003454,8.19201,5.12794,1,-1,G,G,True,True
148864,491719833,3.11678,7.783289013296371,4.10466,3.90588,-1,1,G,G,True,True
148864,491741608,3.11244,7.658738037547962,3.86503,3.82652,-1,1,G,G,True,True
148864,492016875,3.08151,7.195350614190041,4.78437,2.9732,1,-1,G,G,True,True
148864,492174670,3.14765,8.954066628109038,4.75331,4.62651,-1,1,G,G,True,True
148864,492570043,2.88206,6.859097977380773,4.08476,3.20902,-1,1,G,G,True,True
148864,492591954,3.0953,8.348711481110664,4.57855,3.88783,-1,1,G,G,True,True
148864,536379825,3.33992,12.398886840032416,11.6405,1.11833,1,-1,G,T,True,False
148864,536776086,3.11592,11.7328430538638,7.6879,4.44938,1,-1,G,G,True,True
148864,536923058,3.11621,9.478035971154572,5.33597,4.63406,-1,1,G,G,True,True
148864,537023601,3.14258,7.553993249169607,4.71367,3.46315,-1,1,G,G,True,True
148864,537028279,3.07692,7.733745452192037,4.2692,3.60716,1,-1,G,G,True,True
148864,537112429,3.10518,10.930364559304508,5.9012,5.38155,1,-1,G,G,True,True
148864,537130092,3.57574,7.467337550413534,3.92494,3.81798,1,-1,G,G,True,True
148864,537256364,3.0634,8.107682057684551,4.41708,4.10056,-1,1,G,G,True,True
148864,537352367,3.07955,9.649342828867933,5.66545,4.42474,1,-1,G,G,True,True
148864,537503561,3.11799,14.974094589895076,7.76109,7.21994,-1,1,G,G,True,True
148864,537630062,2.73616,15.989170466566456,11.0117,5.16246,1,-1,G,G,True,True
148864,537757129,3.045,15.23602376375805,7.91641,7.36262,-1,1,G,G,True,True
148864,537790368,3.03534,7.952802602261922,4.23097,4.10469,1,-1,G,G,True,True
148864,537824406,3.09893,21.089576523488688,19.8976,1.19207,-1,1,G,T,True,False
148864,537965017,3.10272,8.938905173465036,5.1466,4.11283,-1,1,G,G,True,True
148864,537992726,3.15898,8.821637083411956,5.38265,3.88727,1,-1,G,G,True,True
148864,538014580,3.14133,9.020949707630566,5.54156,3.90208,1,-1,G,G,True,True
148864,540796976,3.41375,20.449829085435507,18.9465,1.78195,1,-1,G,T,True,False
148864,541050411,3.08405,7.802610480153421,5.04466,3.01503,1,-1,G,G,True,True
148864,541164159,3.11854,10.10477473712304,5.37534,5.17623,1,-1,G,G,True,True
148864,541226310,3.06268,9.63624667515833,5.69196,4.19647,1,-1,G,G,True,True
148864,541383461,2.6897,7.146835827445877,4.11951,3.49923,1,-1,G,G,True,True
148864,541454569,3.15227,10.348196503628062,6.41555,4.13554,1,-1,G,G,True,True
148864,541463978,3.00216,8.416910321519412,5.35391,3.48091,-1,1,G,G,True,True
148864,541486965,3.08587,11.300421318057127,6.12187,5.56354,-1,1,G,G,True,True
148864,541520145,3.31279,6.5418910961308425,3.74039,3.50395,1,-1,G,T,True,False
148864,541656907,3.27466,7.9142867875520535,4.4373,4.07723,1,-1,G,G,True,True
148864,541711492,3.11184,8.291715760060518,5.34178,3.34388,-1,1,G,G,True,True
148864,541759878,2.96794,6.473163479204044,6.2114,0.874106,1,-1,G,T,True,False
148864,541912595,3.00607,15.23398628437416,8.21777,7.2925,-1,1,G,G,True,True
148864,541928045,3.07501,6.194531174852944,3.24085,3.10581,-1,1,G,G,True,True
148864,541990623,3.08048,9.971330047180265,6.12016,4.24317,1,-1,G,G,True,True
148864,542163748,3.07461,13.077313945793694,8.36357,4.71835,-1,1,G,G,True,True
148864,542208623,2.65837,9.94144949069928,5.98191,4.29329,1,-1,G,T,True,False
148864,542351412,2.98129,12.360194072339198,9.04026,3.43271,-1,1,G,G,True,True
148864,542475647,3.15763,10.083260938429392,5.93803,4.14757,1,-1,G,G,True,True
148864,542624192,3.15727,7.841877531132515,4.07401,4.06601,-1,1,G,G,True,True
148864,542838402,3.07533,6.990989692890414,4.59979,3.02928,-1,1,G,T,True,False
148864,542869904,3.10442,8.401645383442697,4.27505,4.12661,1,-1,G,T,True,False
148864,542877609,3.12413,8.432002933419794,4.82184,4.101,-1,1,G,G,True,True
148864,543098210,2.83751,8.215865173127234,7.93479,0.729438,1,-1,G,T,True,False
148864,543101537,3.089,9.276334694888925,5.91487,3.84992,-1,1,G,T,True,False
148864,543145880,3.09631,11.204976732648756,5.90729,5.65568,1,-1,G,G,True,True
148864,543233509,3.03456,11.489899558987625,6.79917,5.07908,-1,1,G,G,True,True
148864,543298786,3.07145,7.230951989344141,3.72351,3.70874,-1,1,G,G,True,True
148864,543321277,2.60059,9.23829087201437,5.10377,4.25421,1,-1,G,G,True,True
148864,543329383,3.10272,12.371138682781346,8.07447,4.49556,1,-1,G,G,True,True
148864,543411838,3.15296,13.010022706809547,8.64622,4.39406,-1,1,G,G,True,True
148864,543450135,2.96716,3.553699102006246,3.2547,1.28901,-1,1,G,T,True,False
148864,543655350,2.83677,10.785549936119391,7.69937,3.35707,1,-1,G,T,True,False
148864,543705172,2.71971,11.108630357691085,7.06591,4.28985,-1,1,G,G,True,True
148864,543721052,3.05187,12.220477099197069,8.00725,4.52207,1,-1,G,G,True,True
148864,543779183,3.5042,2.068041671364482,3.05456,0.997581,1,-1,G,T,True,False
148864,543986007,2.60272,11.924595352508865,7.23003,4.94475,-1,1,G,T,True,False
148864,544104724,3.10534,8.487640008789251,4.44085,4.0557,-1,1,G,G,True,True
148864,544285000,3.10426,6.762044743723972,4.18221,3.17948,-1,1,G,G,True,True
148864,544330012,3.07509,10.319756826752267,7.23266,3.52443,-1,1,G,G,True,True
148864,544418511,3.0638,9.180103983866413,6.22987,3.06458,1,-1,G,G,True,True
148864,544460470,2.61643,8.783474027464816,5.72163,3.43964,1,-1,G,G,True,True
148864,544520474,3.11339,11.025271045203377,7.68025,3.34585,1,-1,G,T,True,False
148864,544551168,3.10063,17.680924410281836,9.69531,8.02686,-1,1,G,G,True,True
148864,544661781,3.17217,13.667219001200163,8.38212,5.31152,-1,1,G,G,True,True
148864,544820299,2.76138,5.835909769826466,3.30826,3.14413,1,-1,G,T,True,False
148864,544965881,2.93899,9.917600713161423,5.90136,4.37741,-1,1,G,G,True,True
148864,545017321,3.07863,15.787348858954282,10.4405,5.42637,-1,1,G,G,True,True
148864,545261602,3.06024,10.690516961213804,5.48895,5.2345,-1,1,G,G,True,True
148864,545275732,3.10644,8.732044938981304,4.84001,3.94721,1,-1,G,G,True,True
148864,545394968,3.11925,10.201602585787,6.31704,3.90028,-1,1,G,G,True,True
148864,545412325,3.09989,11.049181066273645,5.67138,5.65242,-1,1,G,G,True,True
148864,545556681,3.07425,12.86090605592001,7.84992,5.37156,-1,1,G,G,True,True
148864,545606491,3.21221,8.46001014548446,4.66239,3.88704,-1,1,G,G,True,True
148864,545718381,3.09175,19.541683075313653,13.9557,5.75518,-1,1,G,G,True,True
148864,546105772,2.91331,29.18491834781108,17.7185,11.5371,1,-1,G,G,True,True
148864,546190288,3.16311,9.70708555798804,5.16083,5.03361,-1,1,G,G,True,True
148864,546428685,3.18302,9.186258643784203,4.80959,4.77633,1,-1,G,G,True,True
148864,546462431,2.63866,3.5471797521074397,3.29989,1.09773,-1,1,G,T,True,False
148864,546466594,3.16638,12.360233595674314,7.27766,5.28709,1,-1,G,G,True,True
148864,546616023,3.17386,12.288566505190913,8.58736,4.08859,-1,1,G,T,True,False
148864,546625292,3.06035,8.02009964929388,4.1395,3.88469,1,-1,G,G,True,True
148864,565891554,3.0984,9.21865824196233,5.45072,3.8787,-1,1,G,G,True,True
148864,565935844,3.07196,7.139427164871143,4.22792,3.16059,-1,1,G,G,True,True
148864,566108053,3.01998,12.942638750865296,6.93789,6.0843,1,-1,G,G,True,True
148864,566162667,3.16809,13.726832003375726,7.9031,5.97391,-1,1,G,G,True,True
148864,566450698,2.7627,4.111265190799056,3.53468,1.37371,1,-1,G,T,True,False
148864,566659258,3.08635,14.68233089157849,8.29457,6.40091,1,-1,G,G,True,True
148864,566676463,3.06335,3.109612953464339,3.2081,1.11488,-1,1,G,G,True,True
148864,566733870,3.10466,9.630969465432853,5.55827,4.14377,-1,1,G,G,True,True
148864,566774193,3.06525,12.430572215875662,8.64727,4.0244,1,-1,G,G,True,True
148864,566790786,3.06428,9.970534891368667,5.45416,4.60497,-1,1,G,G,True,True
148864,566915513,3.36834,4.385713321382167,3.01586,2.4551,-1,1,G,T,True,False
148864,567036089,3.03439,7.285507340843258,4.00625,3.77312,-1,1,G,G,True,True
148864,567266406,3.11231,7.476555518619252,4.46329,3.58786,1,-1,G,T,True,False
148864,567275909,3.49009,6.59791641784738,3.86037,3.59993,1,-1,G,G,True,True
148864,567308125,3.53239,4.212795179052145,3.28461,2.13225,-1,1,G,T,True,False
148864,567329866,3.12765,13.492190010787722,7.4266,6.08748,-1,1,G,G,True,True
148864,567337854,2.62466,11.929641543416132,7.72014,4.35108,-1,1,G,G,True,True
148864,567382879,3.00744,11.781210516862222,10.9023,1.20482,-1,1,G,T,True,False
148864,567416643,3.17854,8.65261511879501,4.70744,4.00675,1,-1,G,G,True,True
148864,567490591,3.24314,6.962052753364413,4.19128,3.39886,-1,1,G,G,True,True
148864,567608783,2.69886,4.912173203549016,4.72172,0.872932,-1,1,G,T,True,False
148864,567865999,2.92293,7.06612630759322,3.79699,3.50231,1,-1,G,G,True,True
148864,568002302,3.11407,9.24785539989656,4.80826,4.63109,-1,1,G,G,True,True
148864,568050071,3.12596,12.141585594914076,7.89061,4.54961,-1,1,G,G,True,True
148864,568261455,3.51392,2.69442959155013,3.07471,1.1237,-1,1,G,T,True,False
148864,568338415,3.09641,9.162367741986783,5.60898,3.69664,1,-1,G,G,True,True
148864,568411723,3.03888,10.834461008216746,6.72637,4.46673,-1,1,G,G,True,True
148864,568699007,3.17107,8.785893434921688,4.7321,4.40117,1,-1,G,G,True,True
148864,568865748,3.06525,9.692807880526674,6.01844,3.86074,-1,1,G,G,True,True
148864,568891223,3.08216,6.072082990059013,3.34809,2.98294,-1,1,G,G,True,True
148864,569406658,3.51777,5.959322701333853,5.24744,0.842793,1,-1,G,T,True,False
148864,569408823,3.08922,11.393596267206417,8.25379,3.51191,-1,1,G,G,True,True
148864,569437133,3.08275,6.72182808528305,3.97116,3.40984,-1,1,G,G,True,True
148864,569519009,3.43969,4.265489898829676,3.05401,2.03616,-1,1,G,T,True,False
148864,569711085,3.18074,11.108024270536367,9.66449,1.85672,-1,1,G,T,True,False
148864,569747422,3.04936,7.879870437310502,5.02351,3.02508,-1,1,G,G,True,True
148864,569858259,2.91564,27.691235765873813,14.4086,13.4137,-1,1,G,G,True,True
148864,569891359,2.99109,8.982202343490153,5.7052,3.56123,-1,1,G,T,True,False
148864,569891688,3.07053,10.795553170542027,7.29446,3.50181,1,-1,G,G,True,True
148864,570006859,3.10215,10.675921017603118,5.71495,5.28702,1,-1,G,G,True,True
148864,572274187,3.09127,10.98491902383445,5.82472,5.58084,1,-1,G,G,True,True
148864,572534760,3.079,7.36111586285809,4.00799,3.89099,-1,1,G,G,True,True
148864,572540757,3.00191,6.945445677868699,4.47943,2.95693,-1,1,G,G,True,True
148864,572821447,3.076,8.500526437539031,5.21521,3.73248,1,-1,G,G,True,True
148864,572987105,3.56051,8.497672852257846,6.78943,2.28943,-1,1,G,T,True,False
148864,573127971,3.20959,18.073979614489996,11.4012,6.81998,1,-1,G,T,True,False
148864,573130109,3.08415,8.826628326774896,5.07222,4.27353,-1,1,G,G,True,True
148864,573157976,3.05018,10.822002649217426,9.99381,1.05182,-1,1,G,T,True,False
148864,573171208,3.19856,9.292142245525884,5.83719,3.60973,-1,1,G,G,True,True
148864,573258899,2.89876,11.217488327771953,6.90172,4.51255,-1,1,G,G,True,True
148864,573265328,3.10802,9.488093846307184,6.18781,3.74875,-1,1,G,G,True,True
148864,573324433,2.69409,8.304231576496687,4.96146,3.41497,-1,1,G,G,True,True
148864,573787021,3.10726,12.630431312376034,8.83698,4.07793,1,-1,G,G,True,True
148864,573908237,3.30857,4.477807686555554,3.60579,1.76895,1,-1,G,T,True,False
148864,573924490,3.10335,8.717250062657374,4.70055,4.52812,1,-1,G,G,True,True
148864,573953846,3.12962,11.063704604164013,7.13179,4.34916,-1,1,G,G,True,True
148864,573990461,3.0923,9.836656738775629,5.55093,4.75613,1,-1,G,G,True,True
148864,574004386,3.10742,11.983020245918807,7.03422,4.96306,1,-1,G,G,True,True
148864,582983216,3.10577,10.69813896523129,6.40934,4.31222,-1,1,G,G,True,True
148864,583332831,3.10863,13.868118277419615,10.2723,3.86454,1,-1,G,G,True,True
148864,583609039,3.06396,7.739633139264419,4.40797,3.88386,-1,1,G,G,True,True
148864,583621994,3.13747,9.648934430547241,6.7325,3.32848,1,-1,G,G,True,True
148864,583723075,3.1058,13.312919202736866,7.3639,6.18982,1,-1,G,G,True,True
148864,583921100,3.13102,17.330594985977832,13.8253,3.75822,1,-1,G,G,True,True
148864,584036887,3.0042,8.381969851945366,6.72969,2.07047,-1,1,G,T,True,False
148864,584356747,3.06737,12.177390370695235,7.33213,4.99218,1,-1,G,G,True,True
148864,584522824,2.71408,10.284299036014875,9.86446,0.76326,1,-1,G,T,True,False
148864,584585110,3.15801,11.20301168873799,6.8034,4.77384,1,-1,G,G,True,True
148864,584624047,3.06239,6.217269103850983,3.56488,3.32522,1,-1,G,G,True,True
148864,584681643,3.07259,10.056712150862229,5.64902,4.43975,-1,1,G,G,True,True
148864,584694146,3.16546,7.037844070289991,4.45893,3.25461,1,-1,G,G,True,True
148864,584871906,3.08147,12.98872793890903,9.4645,3.88185,-1,1,G,G,True,True
148864,653895987,2.98862,14.157272954015545,9.76099,4.40355,-1,1,G,G,True,True
148864,654072762,2.67318,4.866227989966767,2.80736,2.64215,1,-1,G,T,True,False
148864,654151821,3.1349,8.529894400303208,4.34451,4.27417,1,-1,G,G,True,True
148864,654186569,3.03592,19.06515440257697,14.4218,4.64404,-1,1,G,G,True,True
148864,654232291,3.11776,15.573835575696343,11.4472,4.41949,-1,1,G,T,True,False
148864,654310557,3.06244,8.550499009122216,5.14123,3.65387,-1,1,G,G,True,True
148864,654482391,3.18277,6.952228564623073,4.21474,3.09407,-1,1,G,G,True,True
148864,654576536,3.45237,3.564161832941933,2.42062,2.09343,-1,1,G,G,True,True
148864,654646741,2.86671,10.052590857734138,6.53585,3.86005,1,-1,G,G,True,True
148864,654732531,3.04029,8.993813203620865,5.66828,3.36996,1,-1,G,G,True,True
148864,654873107,2.99871,18.576043834118448,17.8482,0.8935,1,-1,G,T,True,False
148864,655058873,3.11126,11.694645061377624,6.13577,5.82199,1,-1,G,G,True,True
148864,655119182,2.69557,2.552227125303898,1.9385,1.73137,1,-1,G,T,True,False
148864,655196931,3.40678,4.905650738413509,4.02612,1.81626,1,-1,G,T,True,False
148864,655335992,3.04373,8.289324647720102,4.97161,3.35383,-1,1,G,G,True,True
148864,655452870,3.30137,15.32622938563854,14.7714,0.881783,-1,1,G,T,True,False
148864,655569142,3.16152,12.099986983248742,8.93471,3.16753,-1,1,G,G,True,True
148864,655640243,3.17319,13.034373361005892,6.77672,6.33122,-1,1,G,G,True,True
148864,655661846,3.13273,4.35080919796881,3.13795,2.21532,1,-1,G,G,True,True
148864,655684888,3.06247,6.275916401909844,3.71566,3.04724,1,-1,G,T,True,False
148864,655808351,3.10526,12.444988145795923,9.14418,3.67356,-1,1,G,G,True,True
148864,655844775,3.45599,10.084661927654095,5.85811,4.42473,1,-1,G,G,True,True
148864,656177584,3.04183,13.505719021618212,12.0469,1.78562,-1,1,G,T,True,False
148864,656205645,2.62954,3.107635786487535,2.74823,1.09951,1,-1,G,T,True,False
148864,656220434,3.12391,10.121537467745748,5.47156,5.09317,1,-1,G,G,True,True
148864,656222474,3.05829,13.224649179082219,7.24418,6.3229,-1,1,G,G,True,True
148864,656260408,3.19206,15.408285872417217,14.3914,1.3085,-1,1,G,T,True,False
148864,656413431,3.04523,9.410659784329683,5.56143,3.91246,-1,1,G,G,True,True
148864,656581362,3.09309,13.612422815487331,8.86676,4.75301,-1,1,G,G,True,True
148864,656611042,3.10142,13.282629039410834,8.74696,4.80988,1,-1,G,G,True,True
148864,656619091,3.17696,9.586136738406406,9.22485,0.778511,-1,1,G,T,True,False
148864,656643088,3.13835,9.407352151819028,6.60093,3.29474,1,-1,G,G,True,True
148864,656686367,3.05475,10.70191945026919,10.3921,0.718994,-1,1,G,T,True,False
148864,656697241,2.60692,7.608287363180033,4.19042,3.65616,-1,1,G,G,True,True
148864,657177257,3.08132,24.892542319882093,20.19,4.88609,1,-1,G,G,True,True
148864,657217483,3.06695,6.866063609842251,3.92981,3.51325,-1,1,G,G,True,True
148864,657306268,3.09333,14.724776635443407,10.0657,4.91415,-1,1,G,G,True,True
148864,657427476,3.0844,7.127499802407293,3.76633,3.65567,-1,1,G,G,True,True
148864,657474366,3.06742,7.921118811967157,4.4655,3.88259,1,-1,G,G,True,True
148864,657478391,3.05613,9.72892410512591,5.38634,4.4654,1,-1,G,G,True,True
148864,657482172,3.08507,12.208696200559501,6.69359,5.79152,1,-1,G,G,True,True
148864,657763954,3.10375,19.696904183475127,12.93,6.771,1,-1,G,G,True,True
148864,658092490,2.66439,9.135061553752992,5.04291,4.35792,1,-1,G,G,True,True
148864,658616749,3.08568,9.625195012601043,4.891,4.80393,1,-1,G,G,True,True
148864,658624268,3.0954,9.625974028659178,5.92948,4.10732,1,-1,G,T,True,False
148864,658668549,3.051,29.15780002870244,23.4331,5.87577,1,-1,G,G,True,True
148864,658813671,2.60837,7.854794056795443,4.60943,3.58865,-1,1,G,G,True,True
148864,659018441,3.07982,9.691965133991145,6.53611,3.63056,1,-1,G,G,True,True
148864,659026606,3.34597,21.85382890024766,19.515,2.55943,1,-1,G,T,True,False
148864,659111303,3.15309,9.095962652748746,6.04315,3.53806,1,-1,G,G,True,True
148864,659118866,3.08677,8.868266989943189,5.24527,4.0829,1,-1,G,G,True,True
148864,659272292,3.22085,10.859582716642477,6.23284,5.07664,1,-1,G,G,True,True
148864,659282784,3.43383,12.60489415845754,12.1259,0.907527,-1,1,G,T,True,False
148864,659665077,3.09997,7.015015618870709,5.01305,2.61261,-1,1,G,G,True,True
148864,659717264,3.08155,7.01037205592542,4.46787,3.17987,1,-1,G,G,True,True
148864,660004370,3.06485,13.833527911942927,7.86094,6.00659,1,-1,G,G,True,True
148864,662274565,3.12783,4.443011211908991,3.02664,2.32139,1,-1,G,G,True,True
148864,662525917,2.74173,10.61433726590596,5.64257,5.08396,1,-1,G,T,True,False
148864,662537981,3.1221,7.483322112731751,4.38288,3.67409,-1,1,G,G,True,True
148864,662614404,3.13539,13.650746383485448,7.02976,6.7396,-1,1,G,G,True,True
148864,662692549,3.02856,8.257669803933794,4.84937,3.91293,1,-1,G,G,True,True
148864,662920564,2.64284,27.44796837504736,16.2777,11.2902,1,-1,G,T,True,False
148864,662969560,3.14974,7.769445490960085,4.7835,3.06901,-1,1,G,G,True,True
148864,663335448,3.10338,10.67432041544566,6.04121,4.67239,-1,1,G,G,True,True
148864,663409734,2.9982,3.0726747103763916,2.70282,1.57105,-1,1,G,T,True,False
148864,663411957,3.08091,9.06487415776965,6.29897,3.08147,1,-1,G,G,True,True
148864,663513230,3.09557,8.828631580720764,5.32679,3.72817,-1,1,G,G,True,True
148864,663613212,3.10036,10.822675613511661,5.52607,5.4081,1,-1,G,G,True,True
148864,663786070,2.98069,9.183001121731664,6.01482,3.17771,1,-1,G,G,True,True
148864,664024092,3.12578,9.471289510305606,5.25291,4.68365,1,-1,G,G,True,True
148864,664098794,3.13821,8.658354926664765,5.64009,3.55591,1,-1,G,G,True,True
148864,664114784,3.08783,9.326141311056787,4.9963,4.3376,1,-1,G,G,True,True
148864,664156813,2.93974,3.615483482643642,3.17468,1.29486,-1,1,G,T,True,False
148864,664193788,3.08482,10.382552885802411,6.3703,4.45226,1,-1,G,G,True,True
148864,664375319,3.03975,7.231549409408816,3.927,3.88622,1,-1,G,G,True,True
148864,664474152,3.04878,7.370468785603057,3.98757,3.66867,-1,1,G,G,True,True
148864,664520319,2.97896,7.502250772695884,4.1969,3.38819,1,-1,G,G,True,True
148864,664678266,3.02555,4.925859358002825,2.96007,2.59291,1,-1,G,G,True,True
148864,664776892,3.08042,7.417937333551693,4.51206,3.16275,-1,1,G,G,True,True
148864,664836948,3.11897,10.165498878633011,5.25951,4.9091,-1,1,G,G,True,True
148864,664915383,3.09589,9.050286953561196,5.13111,3.97319,1,-1,G,G,True,True
148864,664999353,2.97378,2.8745597337027107,2.61344,1.49292,-1,1,G,T,True,False
148864,664999774,3.05348,7.41004925071352,4.46566,3.50108,-1,1,G,T,True,False
148864,665182677,3.08871,12.185909532197423,6.22171,6.0053,1,-1,G,G,True,True
148864,665186431,2.94479,9.09739924572078,8.70844,0.814429,-1,1,G,T,True,False
148864,665204065,3.01763,8.984874131316477,5.6267,3.37613,1,-1,G,G,True,True
148864,665263779,3.08162,8.048212116161203,4.6233,3.97905,-1,1,G,G,True,True
148864,665602019,3.05717,10.334964138360617,6.2933,4.48097,1,-1,G,G,True,True
148864,665704169,3.11355,6.669891321940711,4.01003,3.33144,1,-1,G,G,True,True
148864,665721149,3.00765,6.780405435790694,3.81643,3.35972,-1,1,G,G,True,True
148864,665773982,3.1433,8.072179453078393,4.55137,3.52796,1,-1,G,G,True,True
148864,665822882,3.06627,10.174281111321822,5.98174,4.44563,-1,1,G,G,True,True
148864,665909528,3.13038,11.709789365082536,7.00499,4.94854,1,-1,G,G,True,True
148864,666088109,3.14875,8.460389015571328,5.00027,3.46568,1,-1,G,G,True,True
148864,666143301,3.06894,8.941531750159141,5.01897,4.21865,-1,1,G,G,True,True
148864,669320231,3.18416,14.038402795205158,7.35507,6.8638,-1,1,G,T,True,False
148864,669345262,3.10768,12.645869286261027,6.55298,6.18063,1,-1,G,G,True,True
148864,669730806,3.06097,10.242124123452127,5.82862,4.85781,1,-1,G,G,True,True
148864,669987305,3.05993,12.183959431358922,8.10793,4.27994,-1,1,G,G,True,True
148864,670085107,3.04138,5.988388301120511,5.43172,1.19569,-1,1,G,T,True,False
148864,670086003,2.99724,5.946306583502821,3.54438,3.11057,1,-1,G,G,True,True
148864,670302046,3.16463,20.642093938585866,16.4057,4.32262,1,-1,G,G,True,True
148864,670595372,2.67404,9.527966127311746,6.00248,3.52572,1,-1,G,G,True,True
148864,670671079,2.8863,25.64482034009996,24.0406,1.68905,1,-1,G,T,True,False
148864,670703329,2.99274,8.412588311958455,4.56128,4.30057,1,-1,G,G,True,True
148864,670756761,3.08986,11.592537164082934,6.66204,5.22999,-1,1,G,G,True,True
148864,670799126,2.67751,17.154379614685457,15.2758,2.07141,1,-1,G,T,True,False
148864,670814424,3.17405,7.74113837998004,4.17731,4.11631,1,-1,G,G,True,True
148864,670889249,3.12661,7.40538810619241,3.94794,3.80827,1,-1,G,G,True,True
148864,670938964,3.12823,10.255278568601684,8.1225,2.45106,1,-1,G,T,True,False
148864,670999059,3.30798,2.9599675801636747,3.15999,1.25978,1,-1,G,T,True,False
148864,671035401,3.08891,12.903197855744908,8.81995,4.17327,1,-1,G,G,True,True
148864,671068058,2.63273,8.534691337706654,4.45348,4.32851,-1,1,G,G,True,True
148864,671217981,3.07076,13.471483510307987,7.6791,6.10091,1,-1,G,G,True,True
148864,671249646,3.51562,20.821592269430308,18.6395,2.43329,1,-1,G,T,True,False
148864,671387884,3.13283,8.974903646490919,4.92597,4.45607,-1,1,G,G,True,True
148864,671428295,3.51187,19.065566156830513,18.426,0.954173,1,-1,G,T,True,False
148864,671527135,2.88904,7.517990249521744,4.3311,3.43006,-1,1,G,G,True,True
148864,671581534,3.09557,8.910730659896585,5.06371,4.3144,1,-1,G,G,True,True
148864,671693813,3.48825,13.881368623464331,11.4176,2.5328,-1,1,G,T,True,False
148864,671703493,3.08159,11.798661643529744,8.20539,3.87532,1,-1,G,G,True,True
148864,671789336,3.08569,13.459300457726211,7.46957,6.12916,1,-1,G,G,True,True
148864,671814610,3.11982,9.525950224796475,5.77506,3.76127,1,-1,G,G,True,True
148864,672352687,2.76101,10.362887778489933,6.23598,4.15486,1,-1,G,G,True,True
148864,672357253,3.08594,10.858577650963316,6.50458,4.56128,1,-1,G,G,True,True
148864,672405675,2.99399,6.600441295365106,4.14932,3.06852,1,-1,G,G,True,True
148864,672508984,2.76445,7.322502515191545,4.69484,2.9433,1,-1,G,G,True,True
148864,672621892,3.05578,9.520250608393091,5.82032,4.15995,-1,1,G,G,True,True
148864,672628265,3.40281,6.770871271631148,3.73305,3.3786,-1,1,G,G,True,True
148864,672730045,2.90234,9.084113641308106,6.22727,3.27322,1,-1,G,G,True,True
148864,672815974,2.91342,14.747873246323367,11.3433,3.40506,-1,1,G,G,True,True
148864,672970062,3.08505,8.386824756873128,4.46658,4.44406,-1,1,G,G,True,True
148864,673202647,2.81092,22.37701003123742,20.7005,1.84862,-1,1,G,T,True,False
148864,673211742,3.45515,8.740600262818853,6.94249,2.45315,1,-1,G,T,True,False
148864,673313252,3.09531,10.217514389184876,5.40047,5.08958,1,-1,G,G,True,True
148864,673344280,2.88944,8.042851729636013,4.31904,3.94034,1,-1,G,G,True,True
148864,673380581,3.09589,24.945915926861876,19.6384,5.42234,-1,1,G,G,True,True
148864,673411664,2.84074,10.250501842219629,9.37842,1.14406,1,-1,G,T,True,False
148864,673495826,3.07002,9.000997077624234,4.94907,4.07972,1,-1,G,G,True,True
148864,673515128,3.1248,12.05373958480551,8.46768,3.94708,-1,1,G,G,True,True
148864,673563132,2.79543,9.687866585666889,8.29577,1.76884,1,-1,G,T,True,False
148864,673644111,3.0901,15.721063263548684,11.9421,4.04553,1,-1,G,G,True,True
148864,673810737,3.19633,8.743806111413953,4.47715,4.33226,-1,1,G,G,True,True
148864,673811485,2.93592,10.24879948542311,5.639,4.82977,1,-1,G,G,True,True
148864,674071263,3.57851,15.060696157963616,10.6504,4.82717,1,-1,G,G,True,True
148864,674151250,2.73842,1.014544263610514,1.78029,1.13168,1,-1,G,T,True,False
148864,674233582,3.09852,9.274448046094172,5.746,3.67032,1,-1,G,G,True,True
148864,674592305,3.0143,7.338766291720972,4.31007,3.36937,1,-1,G,G,True,True
148864,674819731,2.8249,14.749111970235226,13.379,1.61575,1,-1,G,T,True,False
148864,674873200,3.08578,20.78674257829976,15.6464,5.24703,1,-1,G,G,True,True
148864,674985935,3.12044,7.112100846297386,4.43434,3.0894,-1,1,G,G,True,True
148864,675056704,3.09462,8.13139225191658,5.54231,2.99976,1,-1,G,G,True,True
148864,675060715,3.18131,8.76404005014953,4.80929,4.33396,-1,1,G,G,True,True
148864,675071336,3.06275,13.11643066409349,10.0183,3.33645,1,-1,G,G,True,True
148864,675099082,2.98732,7.521726522945559,3.85304,3.7771,1,-1,G,G,True,True
148864,675148645,3.13154,12.743918371227116,7.736,5.29142,1,-1,G,G,True,True
148864,675252337,2.92163,15.04119318933711,13.1541,1.99351,-1,1,G,T,True,False
148864,734133119,3.34222,3.4913508202115695,3.2552,1.57191,-1,1,G,G,True,True
148864,734304632,3.08267,9.836092355910452,5.49853,4.34229,1,-1,G,G,True,True
148864,734319984,2.78097,5.928114541847518,4.15473,2.30943,-1,1,G,T,True,False
148864,734499983,2.70239,20.042340787156075,13.9985,6.08664,1,-1,G,G,True,True
148864,734500764,3.08886,12.403097944021727,8.19368,4.21469,1,-1,G,G,True,True
148864,734512137,3.07449,12.149631628037124,7.17329,5.21193,1,-1,G,G,True,True
148864,734715707,3.07173,7.441816749119532,4.73729,3.30692,-1,1,G,G,True,True
148864,734737461,2.63327,5.865597026739903,3.36356,3.0496,1,-1,G,T,True,False
148864,734862841,2.9794,14.186464954075065,9.41304,4.82996,1,-1,G,G,True,True
148864,734914565,2.66835,29.271939539483885,18.4863,10.8171,-1,1,G,T,True,False
148864,734945217,3.34064,7.54358695407637,4.11785,3.43154,-1,1,G,G,True,True
148864,735021197,3.19782,7.5339962712571085,6.08626,1.47806,1,-1,G,T,True,False
148864,735094939,3.15182,16.87224812022986,10.8486,6.06494,-1,1,G,G,True,True
148864,735128649,3.16416,14.286534450460685,8.62461,5.83157,1,-1,G,G,True,True
148864,735308598,3.08277,11.0153197055056,7.27968,4.13416,-1,1,G,G,True,True
148864,735310763,3.062,14.553834222970282,8.70203,6.08458,1,-1,G,G,True,True
148864,735315592,3.57888,15.117948628773185,13.8495,1.66439,-1,1,G,T,True,False
148864,735411873,3.33579,10.76870206227329,5.62461,5.60274,1,-1,G,G,True,True
148864,735458191,3.48207,10.041281430574486,5.89551,4.18008,-1,1,G,G,True,True
148864,735735913,3.08317,11.349390479228388,6.74486,4.68626,1,-1,G,G,True,True
148864,735805339,2.94098,8.623096751979592,5.0192,4.03231,-1,1,G,T,True,False
148864,735931472,2.99449,8.6434950059351,5.9941,3.11825,1,-1,G,G,True,True
148864,736361668,3.06912,8.152405378892784,4.62098,4.01439,1,-1,G,G,True,True
148864,736419064,2.63525,6.49921407052422,3.58495,3.3196,-1,1,G,G,True,True
148864,736471925,2.75897,5.699060896370998,5.21895,0.94675,1,-1,G,T,True,False
148864,736492016,2.9897,10.9720398899999,9.82108,1.34428,-1,1,G,T,True,False
148864,736573902,3.07366,9.491273655632105,5.84061,3.87706,-1,1,G,G,True,True
148864,736637852,3.11801,8.680672941829394,5.63072,3.06476,1,-1,G,G,True,True
148864,737020760,3.38726,8.075387662329282,5.30722,3.44703,-1,1,G,G,True,True
148864,737134664,2.88328,29.163613672487504,25.2165,3.94768,1,-1,G,G,True,True
148864,737242122,2.87333,7.248694301754006,3.94851,3.80515,-1,1,G,G,True,True
148864,737316646,2.68391,5.862686632736309,5.17863,1.14078,1,-1,G,T,True,False
148864,737380600,3.01942,9.431625909427336,5.37503,4.05757,-1,1,G,G,True,True
148864,737381963,3.11804,9.18029054037507,4.986,4.60433,1,-1,G,G,True,True
148864,737395122,2.72648,4.841087099229883,4.4802,0.913342,-1,1,G,T,True,False
148864,737427886,3.0895,26.43798007662728,21.6225,4.96943,1,-1,G,G,True,True
148864,737509030,3.09054,6.248325158504557,4.83582,2.13093,1,-1,G,G,True,True
148864,737809287,2.83234,7.4566728271347,3.86378,3.71509,1,-1,G,G,True,True
148864,737821005,3.06951,7.216535468578326,3.96245,3.4781,-1,1,G,G,True,True
148864,737825234,3.44473,11.047657544616596,6.67212,4.44179,-1,1,G,G,True,True
148864,737838543,3.08744,15.557647857180113,10.7522,5.03588,-1,1,G,G,True,True
148864,737862858,2.72183,8.356020419918803,4.62349,3.9714,-1,1,G,G,True,True
148864,737951098,3.48328,11.142865775338048,6.95102,4.72115,1,-1,G,G,True,True
148864,738310721,2.94948,3.833530660694003,3.58166,1.21757,1,-1,G,T,True,False
148864,738595028,3.08917,7.266149794726228,4.03508,3.80114,1,-1,G,G,True,True
148864,738755909,2.82997,7.407152900711919,6.88689,1.03504,1,-1,G,T,True,False
148864,738764835,3.09852,7.02018180182401,4.15852,3.19912,-1,1,G,G,True,True
148864,738983097,3.094,15.245957932924384,10.2077,5.21234,1,-1,G,G,True,True
148864,739006764,3.10631,6.650736524205421,4.27713,3.04802,1,-1,G,T,True,False
148864,739080338,3.10665,13.718369706783676,9.72632,4.31449,-1,1,G,G,True,True
148864,739351538,3.10371,10.609287019630491,7.05591,3.69957,1,-1,G,G,True,True
148864,739710638,3.09754,13.285401193554524,8.0506,5.58078,-1,1,G,G,True,True
148864,739902736,3.11618,10.2935868331687,5.45117,5.01714,1,-1,G,G,True,True
148864,742281642,3.04902,8.236686221762001,5.0189,3.63313,1,-1,G,G,True,True
148864,742343986,2.71196,9.187831110343506,4.80252,4.77456,-1,1,G,G,True,True
148864,742384140,3.1323,9.212707186842529,4.91614,4.30317,1,-1,G,G,True,True
148864,742479624,3.1185,8.328742012036933,4.54284,4.3012,-1,1,G,G,True,True
148864,742576911,3.10009,12.130232779858595,8.47268,3.74172,-1,1,G,G,True,True
148864,742953241,3.10347,9.229772748115796,5.61562,3.79666,1,-1,G,G,True,True
148864,743106556,3.14754,8.697463487350781,4.89342,4.31811,-1,1,G,T,True,False
148864,743153770,3.09184,8.4491692769467,4.99341,3.7653,1,-1,G,G,True,True
148864,743286470,3.10434,6.988901781672425,4.41155,3.18208,1,-1,G,T,True,False
148864,743341635,3.07956,9.017316748678622,4.83682,4.52262,1,-1,G,G,True,True
148864,743479328,3.02426,12.483509462811492,6.6455,6.06814,-1,1,G,G,True,True
148864,743854216,3.23113,13.103872328756145,11.4426,2.01989,1,-1,G,T,True,False
148864,743859097,3.12413,7.0703188837633055,4.20128,3.33391,-1,1,G,G,True,True
148952,144553001,3.10616,10.605341343878376,6.35338,4.37628,1,-1,G,G,True,True
148952,144572510,3.13152,10.071028797183533,7.63526,2.50425,-1,1,G,T,True,False
148952,144748899,3.09701,14.96061908943507,13.1113,1.93175,-1,1,G,G,True,True
148952,144862253,3.15657,5.8522429988870295,3.40705,3.17568,1,-1,G,G,True,True
148952,145180688,3.30181,6.959518457130006,4.01361,3.508,1,-1,G,G,True,True
148952,145197869,3.04493,6.676829056438393,3.71206,3.43351,1,-1,G,G,True,True
148952,145322922,3.38316,10.44346847651301,9.9926,0.816161,1,-1,G,T,True,False
148952,145678798,2.82132,13.928510789671666,10.1864,3.92116,-1,1,G,G,True,True
148952,145936843,2.82742,11.741035006778578,7.65931,4.35589,1,-1,G,G,True,True
148952,146000058,3.37486,14.343422398567018,13.5237,1.20125,-1,1,G,T,True,False
148952,215100932,3.04506,9.174860516195109,5.05171,4.13205,-1,1,G,G,True,True
148952,215118612,3.10525,6.8642523402675835,3.83069,3.51978,-1,1,G,G,True,True
148952,215184213,3.09678,8.868947573943823,5.25868,3.79681,-1,1,G,G,True,True
148952,215339525,3.01359,12.229030797908722,7.72985,4.51307,1,-1,G,G,True,True
148952,215584454,3.039,7.058344442154974,4.30453,3.09748,-1,1,G,G,True,True
148952,215668690,3.09714,16.669320733287243,10.3745,6.29675,1,-1,G,G,True,True
148952,215830637,3.09234,8.737498185985505,4.69871,4.22142,1,-1,G,G,True,True
148952,215931476,3.10463,8.605898378862024,5.31528,3.78657,-1,1,G,G,True,True
148952,215955795,2.83429,3.8088870053200576,3.16494,1.45933,-1,1,G,T,True,False
148952,216324028,3.30697,2.604074078383524,3.10209,1.06532,-1,1,G,T,True,False
148952,216384645,3.11393,7.768761102885066,4.4477,3.90122,-1,1,G,G,True,True
148952,216555386,3.13959,6.110839667391136,3.62194,3.19813,1,-1,G,G,True,True
148952,216631322,3.10032,10.737245676713373,6.94673,4.22225,1,-1,G,G,True,True
148953,64032649,3.09316,6.370635450399041,4.86798,2.18731,1,-1,G,T,True,False
148953,64041579,2.76447,6.46321705109994,4.12035,2.8278,1,-1,G,T,True,False
148953,64094690,3.03007,13.81398401345535,10.8645,2.98957,1,-1,G,T,True,False
148953,64530766,3.01768,9.264732994649172,4.99116,4.59064,-1,1,G,G,True,True
148953,64574702,3.074,6.423086342600417,3.25781,3.25405,1,-1,G,G,True,True
148953,64633322,2.95163,10.139707781562345,9.86361,0.685842,1,-1,G,T,True,False
148953,64643557,3.16084,10.552807547041168,6.42687,4.44445,1,-1,G,G,True,True
148953,64658870,3.16805,11.342764985924772,10.8475,0.91154,1,-1,G,T,True,False
148953,64821684,3.07904,8.72458372393778,5.26188,3.88447,-1,1,G,G,True,True
148953,64822747,2.78088,6.604100191736948,4.29423,2.39858,-1,1,G,T,True,False
148953,64879884,3.05296,15.20349302980404,10.386,4.95849,1,-1,G,G,True,True
148953,64958052,3.10014,8.525283920607922,4.96652,4.09803,1,-1,G,G,True,True
148953,64975058,3.02004,6.478816739413146,3.58448,3.20176,-1,1,G,G,True,True
148953,65056459,3.08042,13.897102940257009,8.33654,5.81252,1,-1,G,G,True,True
148953,65377631,2.64224,16.538751281733575,14.4558,2.27517,-1,1,G,T,True,False
148953,110150897,3.05673,9.200286819990994,5.61021,3.93601,-1,1,G,G,True,True
148953,110379538,2.89085,9.829308472576491,5.18316,4.82859,-1,1,G,G,True,True
148953,110487160,3.10442,13.474643715450178,8.78349,4.74054,-1,1,G,G,True,True
148953,110530168,2.81145,8.310168197076399,4.6797,4.06951,1,-1,G,G,True,True
148953,110744615,3.13267,12.857953264816295,7.27904,5.6185,-1,1,G,G,True,True
148953,110829054,2.96273,7.379272848472267,4.26115,3.1275,1,-1,G,G,True,True
148953,110830941,2.67723,8.841321744288294,7.52261,1.6765,-1,1,G,T,True,False
148953,110849502,3.11399,13.393233744730958,8.64858,5.07336,1,-1,G,G,True,True
148953,111035442,3.07117,11.227597776924501,5.75026,5.56166,1,-1,G,G,True,True
148953,111103347,3.08787,6.527574584729002,3.63737,3.35301,-1,1,G,G,True,True
148953,111192636,3.10824,8.934504129659352,5.15277,3.95965,-1,1,G,G,True,True
148953,111520294,3.53857,5.370216018648225,3.39093,3.02082,-1,1,G,G,True,True
149003,177103804,3.1037,16.757851300849435,8.57269,8.19988,1,-1,G,G,True,True
149003,177204051,3.0748,16.91974981524845,12.1914,4.99212,1,-1,G,G,True,True
149003,177312656,3.06579,7.249383664850413,4.62211,3.1771,-1,1,G,G,True,True
149003,177336183,3.0962,10.72209182872913,6.02101,5.1044,-1,1,G,G,True,True
149003,177646057,2.64917,7.5842056861667455,4.52559,3.32567,1,-1,G,G,True,True
149003,177760138,2.8353,16.49903838811523,10.5584,6.15073,1,-1,G,G,True,True
149003,177786329,3.11961,13.26194870540902,9.66629,3.76189,-1,1,G,G,True,True
149003,177845345,3.09147,10.051709540103117,5.30123,4.7527,1,-1,G,G,True,True
149003,177848178,2.74206,5.6112504213218815,4.98368,0.85947,1,-1,G,T,True,False
149003,178005639,3.27904,7.834445030347012,5.93835,2.32252,-1,1,G,T,True,False
149003,178173344,3.05261,9.206937450183965,6.11452,3.10012,-1,1,G,G,True,True
149003,178310881,3.09494,5.840619096738033,3.52045,3.0572,1,-1,G,G,True,True
149003,178410898,3.05723,9.244253448826472,5.33544,3.9176,1,-1,G,G,True,True
149011,217745654,3.10194,14.601702427378425,7.59144,7.01765,-1,1,G,G,True,True
149011,217810719,3.13399,7.393869512435893,3.86315,3.84694,-1,1,G,G,True,True
149011,217888131,3.37048,5.696050890134409,3.38227,3.22469,1,-1,G,G,True,True
149011,218155549,3.07186,7.142238826831263,3.69506,3.56598,-1,1,G,G,True,True
149011,218174796,3.09188,11.802722236689126,10.8095,1.35214,-1,1,G,T,True,False
149011,218345594,3.09318,13.965978566127482,10.4266,3.571,-1,1,G,G,True,True
149011,218359645,3.14231,7.748206310538524,4.32807,3.58812,-1,1,G,G,True,True
149011,218413245,3.11782,8.215466122402368,4.53703,4.09665,1,-1,G,G,True,True
149011,218436816,3.1086,9.090841946250084,5.87226,3.69696,-1,1,G,G,True,True
149011,218451715,3.03403,7.417737064752296,4.23583,3.71901,-1,1,G,G,True,True
149011,218477625,3.09603,7.868894352194849,4.64081,3.45057,1,-1,G,G,True,True
149011,218616611,3.10336,16.489853367941148,8.54767,8.06224,1,-1,G,G,True,True
149011,218912842,3.00256,8.780899471489239,5.1119,3.83958,-1,1,G,G,True,True
149011,219063489,3.05274,14.23957297135346,8.11207,6.4293,1,-1,G,G,True,True
149011,219101413,2.82581,14.612902139605945,12.8396,1.96902,-1,1,G,T,True,False
149011,219363483,3.10704,10.26382006360205,6.92454,3.63754,1,-1,G,G,True,True
149011,219443292,3.10457,9.968115077271932,6.32206,4.11457,1,-1,G,G,True,True
149011,219697500,3.1142,13.517241378720733,8.91426,4.60463,1,-1,G,G,True,True
149011,220317083,2.71395,19.863837196845928,16.0182,4.01049,1,-1,G,G,True,True
149011,365994536,3.04387,12.809713728729458,7.30528,5.57803,-1,1,G,G,True,True
149011,366073388,2.83274,9.86899914890365,8.48545,1.52399,1,-1,G,T,True,False
149011,366423619,3.23437,9.708371848096725,9.20058,1.02544,1,-1,G,T,True,False
149011,366462600,3.48997,7.381065652722512,4.76052,3.39632,1,-1,G,G,True,True
149011,366551830,3.01185,6.684831090537815,4.12643,3.12749,-1,1,G,G,True,True
149011,366618923,3.0118,8.70972679769004,4.79853,3.99292,-1,1,G,G,True,True
149011,366662606,3.03919,8.206235497727567,4.94712,3.43531,1,-1,G,G,True,True
149011,366716638,3.10493,9.153718304743707,5.57748,3.72667,-1,1,G,G,True,True
149011,366719303,2.96819,10.795259506865078,7.99701,3.10512,1,-1,G,G,True,True
149011,366807126,3.44416,9.715357963419619,8.87909,0.875154,-1,1,G,T,True,False
149011,366845506,3.18691,17.77922348959313,15.9148,2.11335,-1,1,G,T,True,False
149011,367067347,3.01387,7.254181275671569,3.99789,3.71459,1,-1,G,G,True,True
149011,367114465,3.07446,7.589545426018873,3.91407,3.80816,-1,1,G,T,True,False
149011,367139178,3.02636,11.692574900670767,6.58796,5.16012,1,-1,G,G,True,True
149011,367243297,3.07615,7.897675626790455,4.41642,3.62812,-1,1,G,G,True,True
149011,367373524,3.06732,6.4027701811793944,3.48434,3.3022,-1,1,G,G,True,True
149011,367528788,3.07119,8.199494622042264,5.23446,3.0407,1,-1,G,G,True,True
149011,367596307,3.1233,13.44459689030876,6.97773,6.81079,1,-1,G,G,True,True
149011,367675890,2.62086,10.306501117692658,8.56615,1.90211,1,-1,G,G,True,True
149011,367683482,2.64326,7.211099192175906,3.6845,3.66798,1,-1,G,G,True,True
149011,367727437,3.08624,11.31887510287131,6.76912,4.60979,-1,1,G,G,True,True
149011,367737470,3.5483,14.002923657230335,13.215,1.18725,1,-1,G,T,True,False
149011,368016343,3.13008,16.09968073543075,12.6359,3.56103,1,-1,G,G,True,True
149011,368123268,2.83779,11.244159055035551,10.7961,0.763164,-1,1,G,T,True,False
149011,368284184,3.46943,5.967121536173367,3.79893,3.00294,-1,1,G,G,True,True
149011,368432140,3.11949,8.215752771032305,4.89577,3.61226,-1,1,G,G,True,True
149011,368621717,3.05678,8.532845659604128,4.70488,4.26612,1,-1,G,G,True,True
149063,24931660,3.01725,7.295576521606843,3.88289,3.78605,1,-1,G,G,True,True
149063,24995857,2.97632,7.099922384870415,3.71257,3.41961,-1,1,G,G,True,True
149063,25216591,3.11821,5.956708203693463,3.48151,3.14021,-1,1,G,G,True,True
149063,25218926,3.07439,14.131697152352224,9.33262,4.80136,-1,1,G,G,True,True
149063,25648018,3.06271,10.190325460126385,5.239,5.19338,-1,1,G,G,True,True
149063,25798827,3.16591,8.32713266048404,4.76629,3.92381,-1,1,G,G,True,True
149063,25819864,3.10722,9.406866575199205,5.51285,3.8943,-1,1,G,G,True,True
149063,25993261,3.0836,8.316780890154314,4.62554,3.77566,1,-1,G,G,True,True
149063,26062096,3.0804,8.111402089405757,5.03087,3.28992,-1,1,G,G,True,True
149063,26162568,3.25837,5.8423647972909905,3.51387,3.13361,1,-1,G,G,True,True
149063,26184836,2.7765,14.013211573147677,8.19174,5.84299,1,-1,G,G,True,True
149063,26369030,2.72459,4.817523664577165,3.8117,1.55106,-1,1,G,T,True,False
149063,26385107,3.10358,10.900935572041512,6.44529,4.88164,1,-1,G,T,True,False
149063,26791275,2.70878,14.717262710124087,9.97487,4.75011,1,-1,G,G,True,True
149063,26791792,3.50323,7.84041154701078,5.78044,2.3088,1,-1,G,T,True,False
149063,27057357,2.91781,4.559930976725415,2.91129,2.21676,-1,1,G,T,True,False
149063,27196172,3.25717,8.147870221855523,5.00408,3.29699,1,-1,G,G,True,True
149063,27244431,3.07371,13.90633530845003,7.86342,6.20215,1,-1,G,G,True,True
149063,27299845,3.05586,9.760520002750877,5.78489,4.28701,-1,1,G,G,True,True
149063,27323917,3.05088,12.337605833973623,8.98547,3.60541,1,-1,G,G,True,True
149063,27334758,3.49205,9.796937933890364,6.86295,3.50593,-1,1,G,G,True,True
149063,27383526,3.158,13.028349278231683,7.77248,5.28978,1,-1,G,G,True,True
149063,27433668,3.10235,8.500315838473298,4.74736,4.27111,-1,1,G,G,True,True
149063,27516885,2.80101,10.219662310282079,6.46649,4.11437,-1,1,G,T,True,False
149063,27566098,2.6309,16.664561412144185,15.7442,0.923606,1,-1,G,T,True,False
149063,27616653,2.90859,7.9896102754640035,5.30032,3.02057,-1,1,G,G,True,True
149063,27655221,3.16112,28.24567969922657,20.929,7.44752,-1,1,G,T,True,False
149063,27716739,3.27739,11.691123992607599,10.1607,1.79853,-1,1,G,T,True,False
149063,27858405,3.05561,7.680038028668869,4.67764,3.02789,1,-1,G,G,True,True
149063,27893197,3.16405,10.571002722826675,9.17628,1.63457,-1,1,G,T,True,False
149063,28078912,3.05415,9.268911445256126,5.92765,3.55876,1,-1,G,G,True,True
149063,28193657,3.0087,8.80069094588601,4.76884,4.46691,1,-1,G,G,True,True
149063,28300120,3.04271,7.955189012116557,4.6652,3.84322,-1,1,G,G,True,True
149063,28491645,2.90116,26.64139318564628,23.3334,3.32211,-1,1,G,G,True,True
149063,28874967,3.02479,8.868292710878515,5.59405,3.38865,-1,1,G,G,True,True
149063,29077398,3.05659,9.414604417616282,6.7154,3.05226,1,-1,G,G,True,True
149063,29105264,3.01863,14.46349805570561,9.01262,5.55011,1,-1,G,G,True,True
149063,29180310,2.80407,6.45292667304534,3.51361,3.3194,1,-1,G,G,True,True
149063,29282634,3.07785,7.653580107435017,5.02074,3.0052,1,-1,G,G,True,True
149063,29420303,3.10055,10.321307493639825,6.09251,4.35957,-1,1,G,G,True,True
149063,46659608,3.11702,10.291030266912054,5.38761,4.95351,1,-1,G,T,True,False
149063,46804723,3.06592,7.345163757303168,4.62919,3.32363,-1,1,G,G,True,True
149063,46931298,3.04827,8.386182461269252,5.72278,3.18533,-1,1,G,G,True,True
149063,46978162,3.14571,12.19180645657156,7.63446,4.91779,1,-1,G,G,True,True
149063,47105979,3.0159,6.077705340159228,3.731,3.03367,-1,1,G,G,True,True
149063,47199291,3.07418,7.7777306828548,4.11006,3.84629,1,-1,G,G,True,True
149063,47269455,3.09952,15.66465983484161,11.8301,4.02538,1,-1,G,G,True,True
149063,47281668,3.10314,6.057088766635421,3.33452,3.28943,-1,1,G,G,True,True
149063,47687842,3.09738,12.43488000799509,6.73576,6.07186,1,-1,G,G,True,True
149063,47792204,3.5656,6.291298559860277,4.38925,2.73343,-1,1,G,T,True,False
149063,47930469,3.06573,8.784103866147587,4.81799,4.409,1,-1,G,G,True,True
149063,47999890,3.04824,8.884537309128708,4.864,4.32166,1,-1,G,G,True,True
149063,48018249,3.08562,10.66643919484288,6.18378,4.91237,1,-1,G,G,True,True
149063,48019712,3.10749,6.0701378504166605,3.59922,3.21469,-1,1,G,T,True,False
149063,48093715,3.06029,11.340237057226801,5.89577,5.84801,-1,1,G,G,True,True
149063,48242850,3.13285,16.607844465351306,13.3351,3.50394,1,-1,G,G,True,True
149063,48246601,3.1414,6.452613257543412,3.9831,3.19016,-1,1,G,G,True,True
149063,48474908,3.04481,13.244769838894294,11.3208,2.22971,1,-1,G,T,True,False
149063,48536172,2.90679,16.144188016279763,15.3958,0.966538,-1,1,G,T,True,False
149063,48963910,3.09629,19.9587281653416,12.0796,8.10526,1,-1,G,G,True,True
149063,49008526,2.84012,7.523821781315663,4.36351,3.16032,-1,1,G,G,True,True
149063,49130325,3.17228,7.110917442257363,4.03871,3.69981,1,-1,G,G,True,True
149063,49169837,3.1188,7.935420531595601,6.25554,1.70124,-1,1,G,T,True,False
149063,49186518,2.905,7.127252555725873,3.76947,3.71561,-1,1,G,G,True,True
149063,49272308,3.07119,7.760793600508907,4.20982,4.07325,1,-1,G,G,True,True
149063,49902982,3.09445,6.187565021104829,3.58115,3.17017,1,-1,G,G,True,True
149063,49960002,3.06177,10.19002318609217,7.47896,3.08916,1,-1,G,G,True,True
149063,50017660,2.8521,8.830534067387998,7.0254,2.20013,-1,1,G,T,True,False
149063,50116583,3.01314,10.899881423299979,5.72566,5.28895,-1,1,G,G,True,True
149063,50219254,2.67055,6.599586648318287,3.61918,3.43932,-1,1,G,G,True,True
149063,50306025,3.08245,12.612097520877523,7.76143,5.14748,1,-1,G,G,True,True
149063,50314838,3.08339,9.232431513772523,5.44149,4.23169,-1,1,G,G,True,True
149063,50315290,3.10699,15.370596343554793,10.9165,4.45831,-1,1,G,G,True,True
149063,50354213,3.1036,9.890569743791305,5.5686,4.79245,-1,1,G,G,True,True
149063,50466321,2.6902,12.007050137723253,7.82115,4.19326,-1,1,G,G,True,True
149063,50529273,3.10126,12.854594852339766,7.16264,6.03377,-1,1,G,G,True,True
149063,50583243,3.09354,10.019521121216323,5.94065,4.15953,1,-1,G,G,True,True
149063,50646368,3.09807,6.126456540856304,3.5742,2.96875,1,-1,G,G,True,True
149063,50726042,3.06181,8.32572492392104,4.85136,3.89852,1,-1,G,G,True,True
149063,51096885,3.08119,10.747583205335049,6.36484,4.42166,1,-1,G,G,True,True
149063,51137268,3.09551,6.403953913308871,3.80776,3.05469,1,-1,G,T,True,False
149063,51442113,3.10713,7.448328063188678,4.4717,3.58909,1,-1,G,G,True,True
149063,51490866,2.74756,12.349667498330675,11.8643,0.779179,1,-1,G,T,True,False
149063,51529131,2.87557,6.512367521969257,3.9803,3.12489,-1,1,G,G,True,True
149063,51832002,2.72718,6.601287103705534,3.36063,3.24082,1,-1,G,G,True,True
149063,51844222,3.10866,12.16963708357813,8.24843,4.16025,-1,1,G,G,True,True
149063,51887647,3.06683,10.451914434786575,6.18331,4.70716,1,-1,G,G,True,True
149063,52051806,2.61613,15.392272312329327,9.10582,6.48313,1,-1,G,G,True,True
149063,52217341,2.93299,8.551558360475942,8.0338,0.979088,-1,1,G,T,True,False
149063,52327644,3.0744,13.440462899602824,7.9924,5.44807,1,-1,G,G,True,True
149063,52612960,3.15223,7.635425680877262,5.66916,2.04845,1,-1,G,T,True,False
149063,52635337,2.8845,28.30354146118821,17.0793,11.2492,1,-1,G,T,True,False
149063,52639454,2.71779,7.952537598144444,7.00571,1.36805,1,-1,G,T,True,False
149063,52646754,2.78775,11.658102443158699,7.21119,4.68538,-1,1,G,G,True,True
149063,52673175,2.96183,2.454583447411393,2.65822,1.18011,1,-1,G,T,True,False
149063,52788084,3.07901,8.142748082269032,4.3135,4.22501,-1,1,G,G,True,True
149063,52808619,2.76411,4.129642073665586,3.97758,0.984607,-1,1,G,T,True,False
149063,53006527,2.72047,7.143227783467359,4.08541,3.07063,-1,1,G,G,True,True
149063,53268827,3.08198,9.791843423477726,5.58919,4.3773,1,-1,G,G,True,True
149181,372575386,3.04121,7.667944299282565,3.92201,3.85545,1,-1,G,G,True,True
149181,372659647,2.82351,21.439514299566117,14.3044,7.30752,-1,1,G,G,True,True
149181,372855560,3.0561,8.315035709268843,4.4028,4.30086,-1,1,G,G,True,True
149181,372877659,3.05271,16.08266652852381,12.0189,4.34473,1,-1,G,T,True,False
149181,372880447,3.11369,7.4347001264056365,4.10451,3.33068,-1,1,G,G,True,True
149181,372968651,3.09021,10.937957225862103,7.03463,4.2068,-1,1,G,G,True,True
149181,373177594,3.37518,14.236047084082049,12.6685,1.92555,-1,1,G,T,True,False
149181,373251910,3.07622,11.51775251994889,6.93444,4.91203,-1,1,G,G,True,True
149181,373335505,3.08266,11.15445033815813,7.02498,4.39323,-1,1,G,G,True,True
149181,373337499,3.07876,20.677921140010664,13.2033,7.51815,-1,1,G,G,True,True
149181,373569080,3.07792,10.773840246704468,7.04228,4.13919,1,-1,G,G,True,True
149181,373576941,3.06829,13.479281541427236,12.9361,0.781195,1,-1,G,T,True,False
149181,373587039,3.06739,8.266954045608335,4.35176,4.33119,-1,1,G,G,True,True
149181,373846106,3.02309,5.882647405587811,3.22787,3.11437,1,-1,G,G,True,True
149181,374092733,2.68413,7.83484322190438,6.44353,1.83443,-1,1,G,T,True,False
149181,374130771,3.0756,14.333360217831546,9.12313,5.48974,-1,1,G,G,True,True
149181,374131005,3.10103,11.873528227216205,7.73026,4.22458,-1,1,G,G,True,True
149181,374347797,3.0403,10.168504339222805,9.15349,1.1093,1,-1,G,T,True,False
149181,374362990,3.10112,13.301599897180827,9.49153,3.86301,-1,1,G,G,True,True
149181,374388803,3.08485,10.493345849048529,7.39015,3.44084,1,-1,G,G,True,True
149181,374535239,3.54044,11.500664207906777,10.7196,0.80908,-1,1,G,T,True,False
149181,374634531,3.50492,6.879647047409918,4.52096,3.10362,-1,1,G,G,True,True
149181,374697956,3.11726,9.771291750550896,5.72331,4.28832,1,-1,G,G,True,True
149181,374744238,3.09319,9.109230140472905,4.66574,4.44634,-1,1,G,G,True,True
149181,374939835,3.10002,10.102453682690161,5.60984,4.75351,-1,1,G,G,True,True
149181,1585424994,3.12539,14.035613544124104,9.96692,4.28991,-1,1,G,G,True,True
149181,1585496718,3.09967,12.387113134713834,7.90178,4.58286,1,-1,G,G,True,True
149181,1585592978,3.11926,6.951369484216761,4.02819,3.58782,-1,1,G,G,True,True
149181,1585728248,3.12478,28.957764613845796,22.863,6.23638,-1,1,G,G,True,True
149181,1585792058,3.12065,13.096571699830456,7.88795,5.5428,-1,1,G,G,True,True
149181,1585885682,3.10157,11.21487913559293,5.89305,5.33536,1,-1,G,G,True,True
149181,1585916116,3.23025,6.806326519496402,3.77088,3.51017,1,-1,G,G,True,True
149181,1586020127,2.94945,3.266337250166461,2.19979,1.9826,-1,1,G,T,True,False
149181,1586132585,3.11056,11.20711242974572,6.86851,4.65319,1,-1,G,G,True,True
149181,1586248452,3.14899,8.347634997860713,4.96356,3.94008,1,-1,G,G,True,True
149181,1586273240,2.99296,4.770457883183647,3.36632,2.0288,1,-1,G,T,True,False
149181,1586310251,3.11527,6.496148422903297,3.57286,3.54621,1,-1,G,G,True,True
149181,1586324715,3.03261,11.582519686113207,7.80625,3.92179,-1,1,G,G,True,True
149181,1586574355,3.10646,7.943610504732026,4.60254,3.771,-1,1,G,T,True,False
149181,1586646754,2.69801,6.074271515196946,5.74082,0.865387,-1,1,G,T,True,False
149181,1586709397,3.1835,9.888304106273278,6.24619,3.84101,-1,1,G,G,True,True
149181,1586764989,3.08583,10.983528755004013,7.36356,4.0335,-1,1,G,G,True,True
149181,1586944055,2.82063,16.995075163513576,8.97364,8.21356,1,-1,G,G,True,True
149181,1586981746,3.06394,12.48977504099253,8.86087,3.91696,1,-1,G,G,True,True
149181,1586983706,3.07145,10.404819134631799,5.58054,4.85259,-1,1,G,G,True,True
149181,1587003261,2.94013,6.746732920495668,4.21951,2.9586,1,-1,G,G,True,True
149181,1587017610,3.15489,7.825950494582815,4.34972,3.6195,-1,1,G,G,True,True
149181,1587032157,3.05052,7.540843384197818,4.32379,3.80165,1,-1,G,G,True,True
149181,1587034612,3.08306,10.867298898935283,6.23575,4.84658,-1,1,G,G,True,True
149181,1619472748,3.08654,6.397458368964115,3.53279,3.21137,1,-1,G,G,True,True
149181,1619478614,3.09323,5.526325641192438,3.26977,3.04374,-1,1,G,G,True,True
149181,1619482514,3.11653,7.768862565478939,4.24555,3.56572,1,-1,G,G,True,True
149181,1619515556,3.05336,7.911221005449223,4.7942,3.67885,-1,1,G,G,True,True
149181,1619538806,2.80082,5.220578677742536,3.3422,2.57794,1,-1,G,T,True,False
149181,1619642585,3.42051,8.00880281207185,7.8157,0.874842,1,-1,G,T,True,False
149181,1619659729,3.02956,7.090321868527902,4.46251,3.20708,1,-1,G,G,True,True
149181,1619834896,3.04976,7.523697680457463,4.40981,3.52922,1,-1,G,G,True,True
149181,1619891291,3.14463,5.925316626012487,4.71775,1.94887,1,-1,G,G,True,True
149181,1620044847,2.87347,13.869440324332627,10.133,3.73956,-1,1,G,G,True,True
149181,1620382665,3.13051,8.49735494828832,4.97876,3.69481,1,-1,G,G,True,True
149181,1620539972,3.08949,8.962857307681574,5.09698,4.20118,-1,1,G,G,True,True
149181,1620555451,3.05875,12.345800372662154,8.95256,3.61292,1,-1,G,G,True,True
149181,1620615762,3.1562,24.063921459957104,19.8543,4.41086,1,-1,G,G,True,True
149181,1620701958,3.132,7.455465231722632,4.47449,3.26068,-1,1,G,G,True,True
149181,1620748214,3.1138,29.4421760292153,22.2541,7.18892,1,-1,G,G,True,True
149181,1620838053,3.02714,9.625183014706787,6.38967,3.4743,-1,1,G,G,True,True
149181,1620859508,3.03834,5.9925193504234935,3.6689,3.04443,-1,1,G,G,True,True
149181,1620885173,3.1458,11.06879710610602,6.37563,5.09094,1,-1,G,G,True,True
149181,1775325868,3.10388,15.64884847517363,10.7876,4.93722,1,-1,G,G,True,True
149181,1775611215,3.06251,5.338064868840018,3.10955,2.99533,-1,1,G,G,True,True
149181,1775645878,2.94913,9.414051343826419,5.03353,4.38101,1,-1,G,G,True,True
149181,1775667272,3.14767,9.006159290513132,7.233,2.1086,1,-1,G,T,True,False
149181,1775718865,3.06515,5.785025338810194,3.26696,3.20702,-1,1,G,G,True,True
149181,1775727813,3.09678,6.582529092437723,4.06031,3.21117,1,-1,G,G,True,True
149181,1775743647,3.08087,9.081486279293715,4.92864,4.27826,-1,1,G,G,True,True
149181,1775848689,3.0979,7.58825879692643,4.57853,3.50945,-1,1,G,G,True,True
149181,1775862083,3.03593,21.905424757281015,18.5394,3.50051,1,-1,G,G,True,True
149181,1775914560,3.2316,9.692188839689413,5.32974,4.86304,1,-1,G,T,True,False
149181,1775978039,3.06363,10.802105830320905,7.3591,3.69198,1,-1,G,G,True,True
149181,1776104686,3.00908,8.540194957694116,5.47783,3.56564,-1,1,G,G,True,True
149181,1776406812,3.11472,10.953987605126455,5.85183,5.48948,1,-1,G,G,True,True
149181,1776443990,3.37622,8.180830646878102,4.83415,3.39066,1,-1,G,G,True,True
149181,1776535007,3.04105,8.016191628460488,4.32697,3.98875,1,-1,G,G,True,True
149181,1776626343,3.09375,12.484859100391322,7.84905,4.77377,1,-1,G,G,True,True
149181,1776640968,2.83505,3.8466878373587843,3.62549,1.05755,1,-1,G,T,True,False
149291,70222974,3.09431,9.921229481898903,6.28316,4.10303,1,-1,G,G,True,True
149291,70392677,3.08821,17.35373476921034,13.0297,4.59154,1,-1,G,G,True,True
149291,70401576,3.03287,8.534451073443446,5.34383,3.65026,1,-1,G,G,True,True
149291,70447201,3.10465,22.264334241566736,19.6126,2.82594,-1,1,G,T,True,False
149291,70559034,2.63707,14.910247480129897,14.1076,1.01801,1,-1,G,T,True,False
149291,70620710,3.01449,13.02809907116537,10.1415,3.18724,1,-1,G,G,True,True
149291,70657475,3.12676,27.73280849523899,14.7827,13.0255,-1,1,G,G,True,True
149291,70762826,3.11234,18.458052780565044,9.61071,8.85323,-1,1,G,G,True,True
149291,70894389,2.76638,17.70237546428727,13.727,4.18302,1,-1,G,T,True,False
149291,71015830,3.10878,13.34286224589387,9.18716,4.31144,1,-1,G,G,True,True
149291,71079406,3.1705,12.139375683747332,8.05185,4.28503,-1,1,G,G,True,True
149291,71362154,3.11073,14.870429134796346,9.81616,5.05997,1,-1,G,G,True,True
149291,71369883,2.66943,16.88759616689125,15.2483,1.8034,-1,1,G,T,True,False
149291,103543679,3.51905,23.47926714534549,16.5774,7.15792,1,-1,G,G,True,True
149291,103553090,3.09106,21.918100983490792,19.3818,2.53899,-1,1,G,G,True,True
149291,103574467,3.0592,5.9186964676023885,3.41858,3.22156,-1,1,G,G,True,True
149291,103593254,3.07585,13.54958498037855,10.1361,3.64715,1,-1,G,G,True,True
149291,103624825,3.10076,7.163096070294186,4.63755,2.99737,1,-1,G,G,True,True
149291,103646218,2.65551,8.421399812697413,5.04032,3.38454,1,-1,G,G,True,True
149291,103768893,3.08232,9.421212490217222,6.151,3.68128,1,-1,G,G,True,True
149291,103941519,3.14701,15.475247170239317,11.6239,4.16596,1,-1,G,G,True,True
149291,104112467,3.07419,6.6710879361462485,3.79227,3.32936,-1,1,G,G,True,True
149291,104434564,3.08684,9.344832557808816,5.02884,4.31834,-1,1,G,G,True,True
149291,104479509,3.03344,8.503336295343141,4.48204,4.08524,-1,1,G,G,True,True
149291,104499717,3.05625,7.956029101447279,5.11255,2.99057,-1,1,G,G,True,True
149291,104595909,3.29842,4.390658051907595,3.4188,1.93684,-1,1,G,T,True,False
149291,104691352,3.02667,16.0019242960089,10.5674,5.44303,1,-1,G,G,True,True
149291,104733273,3.10517,7.3289861419980875,4.73202,3.04218,1,-1,G,G,True,True
149291,104936642,2.77803,8.288426508532487,7.65839,1.07695,-1,1,G,T,True,False
149291,104991099,2.65771,2.2456335421582034,2.06278,1.26277,1,-1,G,T,True,False
149291,105077333,3.10777,8.8607858698989,4.84801,4.48574,-1,1,G,G,True,True
149291,105166236,3.0888,9.957741215771577,5.40561,4.92367,-1,1,G,T,True,False
149291,105209146,2.60124,10.801924649107677,5.7921,5.01836,-1,1,G,G,True,True
149291,105370585,3.10615,11.422095494023852,6.51065,5.09871,1,-1,G,G,True,True
149291,105472705,3.09824,3.672091307032547,3.19194,1.42215,1,-1,G,T,True,False
149291,105499848,3.13779,11.372912652745075,5.76319,5.64679,-1,1,G,G,True,True
149291,105674921,3.02841,9.106334313169347,5.05315,4.24771,1,-1,G,G,True,True
149291,105724573,3.11214,16.477189977869404,11.9577,4.64133,-1,1,G,G,True,True
149291,105768183,3.07159,19.390907694434937,16.9508,2.47477,1,-1,G,G,True,True
149291,105877852,3.19316,10.18916718862734,5.91717,4.33485,-1,1,G,G,True,True
149291,105898751,3.58411,9.379820658857236,8.42194,1.37085,-1,1,G,T,True,False
149291,105949404,3.09181,6.75454951583029,3.57403,3.56446,-1,1,G,G,True,True
149291,105977969,3.1034,6.233865331782521,3.51823,3.2584,-1,1,G,G,True,True
149291,106045716,2.7555,8.72892242963586,5.43463,3.35131,1,-1,G,G,True,True
149291,106078017,3.04549,15.115540226498688,10.5408,4.6133,1,-1,G,G,True,True
149291,723059048,2.93667,3.707461868836204,3.16714,1.44993,1,-1,G,T,True,False
149291,723077065,3.10493,9.476932553484804,5.68506,4.25909,-1,1,G,G,True,True
149291,723581404,3.08225,7.778301795488525,4.67698,3.63773,-1,1,G,G,True,True
149291,723885591,3.16173,8.924956637480095,5.65997,3.64182,1,-1,G,G,True,True
149291,723895848,3.11345,22.279323766727323,12.7396,9.74004,1,-1,G,G,True,True
149291,723993761,3.08846,8.1990918354072,5.07343,3.67567,1,-1,G,G,True,True
149291,724092149,3.00617,6.994206574874737,4.03469,3.55744,-1,1,G,G,True,True
149291,724130421,3.08544,13.755147875977197,13.2113,0.865166,-1,1,G,T,True,False
149291,724141421,3.10488,9.822222310913148,7.15086,2.96588,-1,1,G,G,True,True
149291,724186970,3.16519,6.760951715564902,3.55371,3.45253,-1,1,G,G,True,True
149291,724584644,3.1234,10.592559589848905,6.04495,4.70866,1,-1,G,G,True,True
149291,724598472,2.83074,10.714937240928853,6.14484,4.88399,1,-1,G,G,True,True
149291,724676588,3.118,21.396309974462888,15.0126,6.38507,1,-1,G,G,True,True
149291,763884144,2.81013,9.588224811929475,5.27739,4.5399,1,-1,G,G,True,True
149291,763973717,3.11127,11.163391721221824,6.00198,5.19952,-1,1,G,G,True,True
149291,764119324,3.2709,12.189440223426997,9.646,2.82138,1,-1,G,T,True,False
149291,764130790,3.10493,16.48299470318728,9.29162,7.19138,1,-1,G,G,True,True
149291,764225131,3.10146,9.174205902736214,5.15163,4.03434,1,-1,G,G,True,True
149291,764275265,3.11332,6.624661581137259,3.80006,3.51644,1,-1,G,G,True,True
149291,764463903,3.13461,7.825980401591867,4.82849,3.44769,1,-1,G,G,True,True
149291,764513126,3.11299,9.995018144111045,5.88848,4.45284,1,-1,G,G,True,True
149291,764658012,3.09068,10.306533140296255,6.33323,4.37703,-1,1,G,G,True,True
149291,764713359,2.76874,12.760653624925956,11.8227,1.12837,1,-1,G,T,True,False
149291,765003295,2.74882,8.462527517266931,4.9426,3.54586,1,-1,G,G,True,True
149291,765017002,3.17076,8.9499732690336,5.06367,4.03667,1,-1,G,G,True,True
149291,765060302,3.12475,14.231756473230597,13.0273,1.44209,-1,1,G,T,True,False
149291,765113626,3.03514,8.613797624475746,5.75938,3.25359,-1,1,G,G,True,True
149291,765171146,2.94012,10.799295253058183,9.66429,1.37735,1,-1,G,G,True,True
149291,765381016,3.0442,12.762495673655838,11.3097,1.74751,1,-1,G,T,True,False
149291,765423425,3.00592,11.201889173611253,8.47745,2.74547,-1,1,G,G,True,True
149294,55744452,3.09861,7.794165248910559,4.651,3.66968,1,-1,G,G,True,True
149294,56081870,2.65703,18.67379163934577,10.3351,8.50054,-1,1,G,G,True,True
149294,56093375,2.92684,8.448388997891847,4.66901,3.92935,1,-1,G,G,True,True
149294,56119089,3.06957,8.574967920079935,5.38514,3.33125,-1,1,G,G,True,True
149294,56308078,3.08171,5.972490421707597,3.33331,3.05302,1,-1,G,G,True,True
149294,56688554,3.20941,6.572014851480252,6.18995,1.02065,1,-1,G,T,True,False
149294,56790508,3.08657,14.04494503239155,7.72852,6.48939,1,-1,G,G,True,True
149294,56810088,3.08738,11.456393978045622,5.89353,5.70949,1,-1,G,G,True,True
149294,56897429,3.14097,11.77482596661199,6.17112,5.6675,1,-1,G,G,True,True
149294,56915342,3.35398,25.888525723889725,14.3506,11.6971,-1,1,G,G,True,True
149294,56953980,2.92804,11.443650953789614,11.0252,0.753749,1,-1,G,T,True,False
149294,56971565,3.12402,9.302327765627053,4.80171,4.50218,1,-1,G,G,True,True
149294,57067456,3.27983,10.902419369105235,10.3028,1.00637,1,-1,G,T,True,False
149294,57143158,3.09569,18.0455667341677,9.32337,8.74598,1,-1,G,G,True,True
149294,57353898,3.10185,12.552083164550815,8.0654,4.50757,1,-1,G,G,True,True
